{
  "files": [
    {
      "fileName": "./PSReadLine.format.ps1xml",
      "SPDXID": "SPDXRef-File--PSReadLine.format.ps1xml-6F14840ED7F2D0BC1317A0E5ECB3BD12F0F2C44F",
      "checksums": [
        {
          "algorithm": "SHA256",
          "checksumValue": "6003eeaba9444db512398cc9ed5e59413c4680cc1ae36d993fce8e203be54fa1"
        },
        {
          "algorithm": "SHA1",
          "checksumValue": "6f14840ed7f2d0bc1317a0e5ecb3bd12f0f2c44f"
        }
      ],
      "licenseConcluded": "NOASSERTION",
      "licenseInfoInFiles": [
        "NOASSERTION"
      ],
      "copyrightText": "NOASSERTION"
    },
    {
      "fileName": "./Microsoft.PowerShell.Pager.dll",
      "SPDXID": "SPDXRef-File--Microsoft.PowerShell.Pager.dll-127329A2AADB37ED3F0ADA1E99A7F09D7C8E289B",
      "checksums": [
        {
          "algorithm": "SHA256",
          "checksumValue": "f1997d21f6833cf88e8bb39ebcfe3c9f9d7e107a8a5e21434ffa6ac94f876a48"
        },
        {
          "algorithm": "SHA1",
          "checksumValue": "127329a2aadb37ed3f0ada1e99a7f09d7c8e289b"
        }
      ],
      "licenseConcluded": "NOASSERTION",
      "licenseInfoInFiles": [
        "NOASSERTION"
      ],
      "copyrightText": "NOASSERTION"
    },
    {
      "fileName": "./net6plus/Microsoft.PowerShell.PSReadLine.Polyfiller.dll",
      "SPDXID": "SPDXRef-File--net6plus-Microsoft.PowerShell.PSReadLine.Polyfiller.dll-FD28F55B1D91806F69F6E02D2D5150CD4C461851",
      "checksums": [
        {
          "algorithm": "SHA256",
          "checksumValue": "f776f5663b46d7534408be4a79888ebda28af48ada89e4017df951714623d181"
        },
        {
          "algorithm": "SHA1",
          "checksumValue": "fd28f55b1d91806f69f6e02d2d5150cd4c461851"
        }
      ],
      "licenseConcluded": "NOASSERTION",
      "licenseInfoInFiles": [
        "NOASSERTION"
      ],
      "copyrightText": "NOASSERTION"
    },
    {
      "fileName": "./Microsoft.PowerShell.PSReadLine2.dll",
      "SPDXID": "SPDXRef-File--Microsoft.PowerShell.PSReadLine2.dll-AC060C496112A19FF30F05ED250214F56ACBB059",
      "checksums": [
        {
          "algorithm": "SHA256",
          "checksumValue": "5550c52fcbe977bbed224947652ffdf5034c75eed1fb2474c6799fc08d0de2f8"
        },
        {
          "algorithm": "SHA1",
          "checksumValue": "ac060c496112a19ff30f05ed250214f56acbb059"
        }
      ],
      "licenseConcluded": "NOASSERTION",
      "licenseInfoInFiles": [
        "NOASSERTION"
      ],
      "copyrightText": "NOASSERTION"
    },
    {
      "fileName": "./Changes.txt",
      "SPDXID": "SPDXRef-File--Changes.txt-9B93F6CAC7193129D747C80D3FC3117464DD0F92",
      "checksums": [
        {
          "algorithm": "SHA256",
          "checksumValue": "fea622446e027c4720574c9287e08ddd5162967de6c7e5df93ee9d80bc2f445d"
        },
        {
          "algorithm": "SHA1",
          "checksumValue": "9b93f6cac7193129d747c80d3fc3117464dd0f92"
        }
      ],
      "licenseConcluded": "NOASSERTION",
      "licenseInfoInFiles": [
        "NOASSERTION"
      ],
      "copyrightText": "NOASSERTION"
    },
    {
      "fileName": "./System.Runtime.InteropServices.RuntimeInformation.dll",
      "SPDXID": "SPDXRef-File--System.Runtime.InteropServices.RuntimeInformation.dll-76B0B6E65E38A90A4ECDB3F6DFE16D5A803081E9",
      "checksums": [
        {
          "algorithm": "SHA256",
          "checksumValue": "8bb9d52ba5c67f05c8f632deb1e7e98a909318b10e1388b47e919515fdd42cbf"
        },
        {
          "algorithm": "SHA1",
          "checksumValue": "76b0b6e65e38a90a4ecdb3f6dfe16d5a803081e9"
        }
      ],
      "licenseConcluded": "NOASSERTION",
      "licenseInfoInFiles": [
        "NOASSERTION"
      ],
      "copyrightText": "NOASSERTION"
    },
    {
      "fileName": "./License.txt",
      "SPDXID": "SPDXRef-File--License.txt-8BDED9DC168F35DAE2E5249E92EBC40F12463AF3",
      "checksums": [
        {
          "algorithm": "SHA256",
          "checksumValue": "25c2fdfcdc653f65629233f5ef217a83287733d3c0299c207b0bca865508c463"
        },
        {
          "algorithm": "SHA1",
          "checksumValue": "8bded9dc168f35dae2e5249e92ebc40f12463af3"
        }
      ],
      "licenseConcluded": "NOASSERTION",
      "licenseInfoInFiles": [
        "NOASSERTION"
      ],
      "copyrightText": "NOASSERTION"
    },
    {
      "fileName": "./net462/Microsoft.PowerShell.PSReadLine.Polyfiller.dll",
      "SPDXID": "SPDXRef-File--net462-Microsoft.PowerShell.PSReadLine.Polyfiller.dll-0488841189168E23ED3E7161BFD37273135251E9",
      "checksums": [
        {
          "algorithm": "SHA256",
          "checksumValue": "06134987fc404f0a95d8311ac1d26b983f1cef58f5bbb9fe42fa1fad22be8711"
        },
        {
          "algorithm": "SHA1",
          "checksumValue": "0488841189168e23ed3e7161bfd37273135251e9"
        }
      ],
      "licenseConcluded": "NOASSERTION",
      "licenseInfoInFiles": [
        "NOASSERTION"
      ],
      "copyrightText": "NOASSERTION"
    },
    {
      "fileName": "./PSReadLine.psd1",
      "SPDXID": "SPDXRef-File--PSReadLine.psd1-1C20B9C9C61A79D65F05EE0820B0FCB1A0B77ACC",
      "checksums": [
        {
          "algorithm": "SHA256",
          "checksumValue": "5a3af7c0862fa64ef7a500a9686501b3f5e0ea3b34ff8f8379b79ab3514c8767"
        },
        {
          "algorithm": "SHA1",
          "checksumValue": "1c20b9c9c61a79d65f05ee0820b0fcb1a0b77acc"
        }
      ],
      "licenseConcluded": "NOASSERTION",
      "licenseInfoInFiles": [
        "NOASSERTION"
      ],
      "copyrightText": "NOASSERTION"
    },
    {
      "fileName": "./PSReadLine.psm1",
      "SPDXID": "SPDXRef-File--PSReadLine.psm1-9914C664F919565BE190FCEFAD9395171B3B44B1",
      "checksums": [
        {
          "algorithm": "SHA256",
          "checksumValue": "72d44b8ee8df93b5525bc8bbbfc60f154dc9300349124ea946a6a9f0368d7157"
        },
        {
          "algorithm": "SHA1",
          "checksumValue": "9914c664f919565be190fcefad9395171b3b44b1"
        }
      ],
      "licenseConcluded": "NOASSERTION",
      "licenseInfoInFiles": [
        "NOASSERTION"
      ],
      "copyrightText": "NOASSERTION"
    },
    {
      "fileName": "./SamplePSReadLineProfile.ps1",
      "SPDXID": "SPDXRef-File--SamplePSReadLineProfile.ps1-2C61F3360D316110E292F334129D1D6B17228CD9",
      "checksums": [
        {
          "algorithm": "SHA256",
          "checksumValue": "52f0812b393f8ca3f86fea1bd89e7d00668f9dd6cfc6aa4b623813c0ce820778"
        },
        {
          "algorithm": "SHA1",
          "checksumValue": "2c61f3360d316110e292f334129d1d6b17228cd9"
        }
      ],
      "licenseConcluded": "NOASSERTION",
      "licenseInfoInFiles": [
        "NOASSERTION"
      ],
      "copyrightText": "NOASSERTION"
    }
  ],
  "packages": [
    {
      "name": "runtime.win-x64.runtime.native.System.Data.SqlClient.sni",
      "SPDXID": "SPDXRef-Package-1A14F5D545D1F368E68AA57857288A722F661A5A787DA7208672C45C855D6511",
      "downloadLocation": "NOASSERTION",
      "filesAnalyzed": false,
      "licenseConcluded": "NOASSERTION",
      "licenseInfoFromFiles": [
        "NOASSERTION"
      ],
      "licenseDeclared": "NOASSERTION",
      "copyrightText": "NOASSERTION",
      "versionInfo": "4.4.0",
      "externalRefs": [
        {
          "referenceCategory": "PACKAGE_MANAGER",
          "referenceType": "purl",
          "referenceLocator": "pkg:nuget/runtime.win-x64.runtime.native.System.Data.SqlClient.sni%404.4.0"
        }
      ],
      "supplier": "NOASSERTION"
    },
    {
      "name": "System.ServiceModel.Http",
      "SPDXID": "SPDXRef-Package-D6F42666292EDBECCB8C18D71CB280412164D24D6DDA3F3B6E2B3F1C59FB1334",
      "downloadLocation": "NOASSERTION",
      "filesAnalyzed": false,
      "licenseConcluded": "NOASSERTION",
      "licenseInfoFromFiles": [
        "NOASSERTION"
      ],
      "licenseDeclared": "NOASSERTION",
      "copyrightText": "NOASSERTION",
      "versionInfo": "4.9.0",
      "externalRefs": [
        {
          "referenceCategory": "PACKAGE_MANAGER",
          "referenceType": "purl",
          "referenceLocator": "pkg:nuget/System.ServiceModel.Http%404.9.0"
        }
      ],
      "supplier": "NOASSERTION"
    },
    {
      "name": "xunit",
      "SPDXID": "SPDXRef-Package-5427CCCD417CDB4D83F420DE0D1F12C6F6C318DF5E3D504204317EE85D0DEEBE",
      "downloadLocation": "NOASSERTION",
      "filesAnalyzed": false,
      "licenseConcluded": "NOASSERTION",
      "licenseInfoFromFiles": [
        "NOASSERTION"
      ],
      "licenseDeclared": "NOASSERTION",
      "copyrightText": "NOASSERTION",
      "versionInfo": "2.4.1",
      "externalRefs": [
        {
          "referenceCategory": "PACKAGE_MANAGER",
          "referenceType": "purl",
          "referenceLocator": "pkg:nuget/xunit%402.4.1"
        }
      ],
      "supplier": "NOASSERTION"
    },
    {
      "name": "System.ServiceModel.Security",
      "SPDXID": "SPDXRef-Package-FEC676D513730C2A73971684FC6079995E523F20D7153D4600B466A6720B3A30",
      "downloadLocation": "NOASSERTION",
      "filesAnalyzed": false,
      "licenseConcluded": "NOASSERTION",
      "licenseInfoFromFiles": [
        "NOASSERTION"
      ],
      "licenseDeclared": "NOASSERTION",
      "copyrightText": "NOASSERTION",
      "versionInfo": "4.9.0",
      "externalRefs": [
        {
          "referenceCategory": "PACKAGE_MANAGER",
          "referenceType": "purl",
          "referenceLocator": "pkg:nuget/System.ServiceModel.Security%404.9.0"
        }
      ],
      "supplier": "NOASSERTION"
    },
    {
      "name": "System.ServiceModel.Duplex",
      "SPDXID": "SPDXRef-Package-AAE7696AE113F9C59FA575AF5C3639452D24710B4172DF9217B89DF9FFA62367",
      "downloadLocation": "NOASSERTION",
      "filesAnalyzed": false,
      "licenseConcluded": "NOASSERTION",
      "licenseInfoFromFiles": [
        "NOASSERTION"
      ],
      "licenseDeclared": "NOASSERTION",
      "copyrightText": "NOASSERTION",
      "versionInfo": "4.9.0",
      "externalRefs": [
        {
          "referenceCategory": "PACKAGE_MANAGER",
          "referenceType": "purl",
          "referenceLocator": "pkg:nuget/System.ServiceModel.Duplex%404.9.0"
        }
      ],
      "supplier": "NOASSERTION"
    },
    {
      "name": "System.Security.Cryptography.ProtectedData",
      "SPDXID": "SPDXRef-Package-D1B096B30BCD86DE321F316258E549B0D54C78F894D238FAE76D2E692119B5CA",
      "downloadLocation": "NOASSERTION",
      "filesAnalyzed": false,
      "licenseConcluded": "NOASSERTION",
      "licenseInfoFromFiles": [
        "NOASSERTION"
      ],
      "licenseDeclared": "NOASSERTION",
      "copyrightText": "NOASSERTION",
      "versionInfo": "6.0.0",
      "externalRefs": [
        {
          "referenceCategory": "PACKAGE_MANAGER",
          "referenceType": "purl",
          "referenceLocator": "pkg:nuget/System.Security.Cryptography.ProtectedData%406.0.0"
        }
      ],
      "supplier": "NOASSERTION"
    },
    {
      "name": "runtime.linux-arm64.runtime.native.System.IO.Ports",
      "SPDXID": "SPDXRef-Package-E32BC8A384704413B84EF52AB9BF3FCB04AEFF0F8B58D75D0ECD8761B8FC2F89",
      "downloadLocation": "NOASSERTION",
      "filesAnalyzed": false,
      "licenseConcluded": "NOASSERTION",
      "licenseInfoFromFiles": [
        "NOASSERTION"
      ],
      "licenseDeclared": "NOASSERTION",
      "copyrightText": "NOASSERTION",
      "versionInfo": "6.0.0",
      "externalRefs": [
        {
          "referenceCategory": "PACKAGE_MANAGER",
          "referenceType": "purl",
          "referenceLocator": "pkg:nuget/runtime.linux-arm64.runtime.native.System.IO.Ports%406.0.0"
        }
      ],
      "supplier": "NOASSERTION"
    },
    {
      "name": "System.ServiceModel.Primitives",
      "SPDXID": "SPDXRef-Package-EDFAB6FFAE53CF521DB41E3239C219EC1BAC8F6DA87DEC75BB9BD054C76933F3",
      "downloadLocation": "NOASSERTION",
      "filesAnalyzed": false,
      "licenseConcluded": "NOASSERTION",
      "licenseInfoFromFiles": [
        "NOASSERTION"
      ],
      "licenseDeclared": "NOASSERTION",
      "copyrightText": "NOASSERTION",
      "versionInfo": "4.9.0",
      "externalRefs": [
        {
          "referenceCategory": "PACKAGE_MANAGER",
          "referenceType": "purl",
          "referenceLocator": "pkg:nuget/System.ServiceModel.Primitives%404.9.0"
        }
      ],
      "supplier": "NOASSERTION"
    },
    {
      "name": "System.Data.Odbc",
      "SPDXID": "SPDXRef-Package-0FCE4F1177B45DA0914A88C0B1ABD1C037237D7E359250E9A40A3AA9FCC0767E",
      "downloadLocation": "NOASSERTION",
      "filesAnalyzed": false,
      "licenseConcluded": "NOASSERTION",
      "licenseInfoFromFiles": [
        "NOASSERTION"
      ],
      "licenseDeclared": "NOASSERTION",
      "copyrightText": "NOASSERTION",
      "versionInfo": "6.0.0",
      "externalRefs": [
        {
          "referenceCategory": "PACKAGE_MANAGER",
          "referenceType": "purl",
          "referenceLocator": "pkg:nuget/System.Data.Odbc%406.0.0"
        }
      ],
      "supplier": "NOASSERTION"
    },
    {
      "name": "System.Security.Cryptography.Pkcs",
      "SPDXID": "SPDXRef-Package-1B8EF952A2D74AED642A1591E682B477F908420FE4162B6878C833F01269E38B",
      "downloadLocation": "NOASSERTION",
      "filesAnalyzed": false,
      "licenseConcluded": "NOASSERTION",
      "licenseInfoFromFiles": [
        "NOASSERTION"
      ],
      "licenseDeclared": "NOASSERTION",
      "copyrightText": "NOASSERTION",
      "versionInfo": "6.0.0",
      "externalRefs": [
        {
          "referenceCategory": "PACKAGE_MANAGER",
          "referenceType": "purl",
          "referenceLocator": "pkg:nuget/System.Security.Cryptography.Pkcs%406.0.0"
        }
      ],
      "supplier": "NOASSERTION"
    },
    {
      "name": "xunit.extensibility.core",
      "SPDXID": "SPDXRef-Package-FEC58C7F29FDF22E4C719712092A41A9787737DFCCA8BB1E9B81469A6EC29078",
      "downloadLocation": "NOASSERTION",
      "filesAnalyzed": false,
      "licenseConcluded": "NOASSERTION",
      "licenseInfoFromFiles": [
        "NOASSERTION"
      ],
      "licenseDeclared": "NOASSERTION",
      "copyrightText": "NOASSERTION",
      "versionInfo": "2.4.1",
      "externalRefs": [
        {
          "referenceCategory": "PACKAGE_MANAGER",
          "referenceType": "purl",
          "referenceLocator": "pkg:nuget/xunit.extensibility.core%402.4.1"
        }
      ],
      "supplier": "NOASSERTION"
    },
    {
      "name": "runtime.win-x86.runtime.native.System.Data.SqlClient.sni",
      "SPDXID": "SPDXRef-Package-46C766C74EA111ABF3DE103B538274FB1746B8F54710199959C37FA850D439D1",
      "downloadLocation": "NOASSERTION",
      "filesAnalyzed": false,
      "licenseConcluded": "NOASSERTION",
      "licenseInfoFromFiles": [
        "NOASSERTION"
      ],
      "licenseDeclared": "NOASSERTION",
      "copyrightText": "NOASSERTION",
      "versionInfo": "4.4.0",
      "externalRefs": [
        {
          "referenceCategory": "PACKAGE_MANAGER",
          "referenceType": "purl",
          "referenceLocator": "pkg:nuget/runtime.win-x86.runtime.native.System.Data.SqlClient.sni%404.4.0"
        }
      ],
      "supplier": "NOASSERTION"
    },
    {
      "name": "System.Diagnostics.PerformanceCounter",
      "SPDXID": "SPDXRef-Package-E47FF32148B5F356314319A0E41F0212FD21D27B1C3E258FDE9868C07FC3BEB6",
      "downloadLocation": "NOASSERTION",
      "filesAnalyzed": false,
      "licenseConcluded": "NOASSERTION",
      "licenseInfoFromFiles": [
        "NOASSERTION"
      ],
      "licenseDeclared": "NOASSERTION",
      "copyrightText": "NOASSERTION",
      "versionInfo": "6.0.0",
      "externalRefs": [
        {
          "referenceCategory": "PACKAGE_MANAGER",
          "referenceType": "purl",
          "referenceLocator": "pkg:nuget/System.Diagnostics.PerformanceCounter%406.0.0"
        }
      ],
      "supplier": "NOASSERTION"
    },
    {
      "name": "Microsoft.PowerShell.ConsoleHost",
      "SPDXID": "SPDXRef-Package-474A3C91FB180373D898F4E19C0B4234DB10E4DA28698C5588FBCC316F45B078",
      "downloadLocation": "NOASSERTION",
      "filesAnalyzed": false,
      "licenseConcluded": "NOASSERTION",
      "licenseInfoFromFiles": [
        "NOASSERTION"
      ],
      "licenseDeclared": "NOASSERTION",
      "copyrightText": "NOASSERTION",
      "versionInfo": "7.2.0",
      "externalRefs": [
        {
          "referenceCategory": "PACKAGE_MANAGER",
          "referenceType": "purl",
          "referenceLocator": "pkg:nuget/Microsoft.PowerShell.ConsoleHost%407.2.0"
        }
      ],
      "supplier": "NOASSERTION"
    },
    {
      "name": "xunit.abstractions",
      "SPDXID": "SPDXRef-Package-29226D2DDF69C0634D1475A99C6B6064278A14AFF039824E2AF684638B05B03E",
      "downloadLocation": "NOASSERTION",
      "filesAnalyzed": false,
      "licenseConcluded": "NOASSERTION",
      "licenseInfoFromFiles": [
        "NOASSERTION"
      ],
      "licenseDeclared": "NOASSERTION",
      "copyrightText": "NOASSERTION",
      "versionInfo": "2.0.3",
      "externalRefs": [
        {
          "referenceCategory": "PACKAGE_MANAGER",
          "referenceType": "purl",
          "referenceLocator": "pkg:nuget/xunit.abstractions%402.0.3"
        }
      ],
      "supplier": "NOASSERTION"
    },
    {
      "name": "Namotion.Reflection",
      "SPDXID": "SPDXRef-Package-06C5C29FB22AFE4D3043611ED5E201081E03B9A3941B9411C3A8CD0A28BE80CC",
      "downloadLocation": "NOASSERTION",
      "filesAnalyzed": false,
      "licenseConcluded": "NOASSERTION",
      "licenseInfoFromFiles": [
        "NOASSERTION"
      ],
      "licenseDeclared": "NOASSERTION",
      "copyrightText": "NOASSERTION",
      "versionInfo": "2.0.3",
      "externalRefs": [
        {
          "referenceCategory": "PACKAGE_MANAGER",
          "referenceType": "purl",
          "referenceLocator": "pkg:nuget/Namotion.Reflection%402.0.3"
        }
      ],
      "supplier": "NOASSERTION"
    },
    {
      "name": "xunit.assert",
      "SPDXID": "SPDXRef-Package-154937B3B04A5F385BC2E4F8CCDA261A8E8B3818EBDD9FCDC74DCDFD8F90E74F",
      "downloadLocation": "NOASSERTION",
      "filesAnalyzed": false,
      "licenseConcluded": "NOASSERTION",
      "licenseInfoFromFiles": [
        "NOASSERTION"
      ],
      "licenseDeclared": "NOASSERTION",
      "copyrightText": "NOASSERTION",
      "versionInfo": "2.4.1",
      "externalRefs": [
        {
          "referenceCategory": "PACKAGE_MANAGER",
          "referenceType": "purl",
          "referenceLocator": "pkg:nuget/xunit.assert%402.4.1"
        }
      ],
      "supplier": "NOASSERTION"
    },
    {
      "name": "NJsonSchema",
      "SPDXID": "SPDXRef-Package-44186241F8D50C7B3C15C06AC4C557EFF2E50EB59FAA1DF6D1498B136DE087F0",
      "downloadLocation": "NOASSERTION",
      "filesAnalyzed": false,
      "licenseConcluded": "NOASSERTION",
      "licenseInfoFromFiles": [
        "NOASSERTION"
      ],
      "licenseDeclared": "NOASSERTION",
      "copyrightText": "NOASSERTION",
      "versionInfo": "10.5.2",
      "externalRefs": [
        {
          "referenceCategory": "PACKAGE_MANAGER",
          "referenceType": "purl",
          "referenceLocator": "pkg:nuget/NJsonSchema%4010.5.2"
        }
      ],
      "supplier": "NOASSERTION"
    },
    {
      "name": "System.Management.Automation",
      "SPDXID": "SPDXRef-Package-5DF867C997D4A4C4BFE339D88E56766AFD50F67198C241BF2DC654D600B90051",
      "downloadLocation": "NOASSERTION",
      "filesAnalyzed": false,
      "licenseConcluded": "NOASSERTION",
      "licenseInfoFromFiles": [
        "NOASSERTION"
      ],
      "licenseDeclared": "NOASSERTION",
      "copyrightText": "NOASSERTION",
      "versionInfo": "7.2.0",
      "externalRefs": [
        {
          "referenceCategory": "PACKAGE_MANAGER",
          "referenceType": "purl",
          "referenceLocator": "pkg:nuget/System.Management.Automation%407.2.0"
        }
      ],
      "supplier": "NOASSERTION"
    },
    {
      "name": "System.Runtime.Caching",
      "SPDXID": "SPDXRef-Package-02E858A8C006952F7C6DC1F1D562DEE5F1D39767F016B8E05AAC8275919A146B",
      "downloadLocation": "NOASSERTION",
      "filesAnalyzed": false,
      "licenseConcluded": "NOASSERTION",
      "licenseInfoFromFiles": [
        "NOASSERTION"
      ],
      "licenseDeclared": "NOASSERTION",
      "copyrightText": "NOASSERTION",
      "versionInfo": "6.0.0",
      "externalRefs": [
        {
          "referenceCategory": "PACKAGE_MANAGER",
          "referenceType": "purl",
          "referenceLocator": "pkg:nuget/System.Runtime.Caching%406.0.0"
        }
      ],
      "supplier": "NOASSERTION"
    },
    {
      "name": "Microsoft.NETFramework.ReferenceAssemblies.net462",
      "SPDXID": "SPDXRef-Package-A8244579678FBF19D512ACF07EB1955A640FABD460D5D530861E40BDF1816049",
      "downloadLocation": "NOASSERTION",
      "filesAnalyzed": false,
      "licenseConcluded": "NOASSERTION",
      "licenseInfoFromFiles": [
        "NOASSERTION"
      ],
      "licenseDeclared": "NOASSERTION",
      "copyrightText": "NOASSERTION",
      "versionInfo": "1.0.2",
      "externalRefs": [
        {
          "referenceCategory": "PACKAGE_MANAGER",
          "referenceType": "purl",
          "referenceLocator": "pkg:nuget/Microsoft.NETFramework.ReferenceAssemblies.net462%401.0.2"
        }
      ],
      "supplier": "NOASSERTION"
    },
    {
      "name": "Microsoft.PowerShell.SDK",
      "SPDXID": "SPDXRef-Package-8EBEDFDEF5B288ABB0D6C1CBA003425432D8E412DB411CDDBF1E73FAF7A56870",
      "downloadLocation": "NOASSERTION",
      "filesAnalyzed": false,
      "licenseConcluded": "NOASSERTION",
      "licenseInfoFromFiles": [
        "NOASSERTION"
      ],
      "licenseDeclared": "NOASSERTION",
      "copyrightText": "NOASSERTION",
      "versionInfo": "7.2.0",
      "externalRefs": [
        {
          "referenceCategory": "PACKAGE_MANAGER",
          "referenceType": "purl",
          "referenceLocator": "pkg:nuget/Microsoft.PowerShell.SDK%407.2.0"
        }
      ],
      "supplier": "NOASSERTION"
    },
    {
      "name": "System.Diagnostics.EventLog",
      "SPDXID": "SPDXRef-Package-7C6B66E6438993913FDC04BC572AE4DF6572087685ABA8385E82B97D04D637D9",
      "downloadLocation": "NOASSERTION",
      "filesAnalyzed": false,
      "licenseConcluded": "NOASSERTION",
      "licenseInfoFromFiles": [
        "NOASSERTION"
      ],
      "licenseDeclared": "NOASSERTION",
      "copyrightText": "NOASSERTION",
      "versionInfo": "6.0.0",
      "externalRefs": [
        {
          "referenceCategory": "PACKAGE_MANAGER",
          "referenceType": "purl",
          "referenceLocator": "pkg:nuget/System.Diagnostics.EventLog%406.0.0"
        }
      ],
      "supplier": "NOASSERTION"
    },
    {
      "name": "Microsoft.Management.Infrastructure.Runtime.Unix",
      "SPDXID": "SPDXRef-Package-337484C52BFC936B5BE2580EEC0A6511354EC5602F0F2354CA4BA956C0479F4A",
      "downloadLocation": "NOASSERTION",
      "filesAnalyzed": false,
      "licenseConcluded": "NOASSERTION",
      "licenseInfoFromFiles": [
        "NOASSERTION"
      ],
      "licenseDeclared": "NOASSERTION",
      "copyrightText": "NOASSERTION",
      "versionInfo": "2.0.0",
      "externalRefs": [
        {
          "referenceCategory": "PACKAGE_MANAGER",
          "referenceType": "purl",
          "referenceLocator": "pkg:nuget/Microsoft.Management.Infrastructure.Runtime.Unix%402.0.0"
        }
      ],
      "supplier": "NOASSERTION"
    },
    {
      "name": "Microsoft.Win32.Registry.AccessControl",
      "SPDXID": "SPDXRef-Package-C0475C00E6E28E144A924EBE3D4277ACEADC5AC76A243A3807A5440088D23A2A",
      "downloadLocation": "NOASSERTION",
      "filesAnalyzed": false,
      "licenseConcluded": "NOASSERTION",
      "licenseInfoFromFiles": [
        "NOASSERTION"
      ],
      "licenseDeclared": "NOASSERTION",
      "copyrightText": "NOASSERTION",
      "versionInfo": "6.0.0",
      "externalRefs": [
        {
          "referenceCategory": "PACKAGE_MANAGER",
          "referenceType": "purl",
          "referenceLocator": "pkg:nuget/Microsoft.Win32.Registry.AccessControl%406.0.0"
        }
      ],
      "supplier": "NOASSERTION"
    },
    {
      "name": "runtime.linux-arm.runtime.native.System.IO.Ports",
      "SPDXID": "SPDXRef-Package-89A8189D4F4D671D008FFC0F1206766B6224E25DBAFF38B5CA4D83827DF8718B",
      "downloadLocation": "NOASSERTION",
      "filesAnalyzed": false,
      "licenseConcluded": "NOASSERTION",
      "licenseInfoFromFiles": [
        "NOASSERTION"
      ],
      "licenseDeclared": "NOASSERTION",
      "copyrightText": "NOASSERTION",
      "versionInfo": "6.0.0",
      "externalRefs": [
        {
          "referenceCategory": "PACKAGE_MANAGER",
          "referenceType": "purl",
          "referenceLocator": "pkg:nuget/runtime.linux-arm.runtime.native.System.IO.Ports%406.0.0"
        }
      ],
      "supplier": "NOASSERTION"
    },
    {
      "name": "System.DirectoryServices.Protocols",
      "SPDXID": "SPDXRef-Package-2EAE8049BD5F2664AA94AC510014B8540C7FC1B5C5841B4BF0354ECACB6380D7",
      "downloadLocation": "NOASSERTION",
      "filesAnalyzed": false,
      "licenseConcluded": "NOASSERTION",
      "licenseInfoFromFiles": [
        "NOASSERTION"
      ],
      "licenseDeclared": "NOASSERTION",
      "copyrightText": "NOASSERTION",
      "versionInfo": "6.0.0",
      "externalRefs": [
        {
          "referenceCategory": "PACKAGE_MANAGER",
          "referenceType": "purl",
          "referenceLocator": "pkg:nuget/System.DirectoryServices.Protocols%406.0.0"
        }
      ],
      "supplier": "NOASSERTION"
    },
    {
      "name": "System.DirectoryServices.AccountManagement",
      "SPDXID": "SPDXRef-Package-E8DAD3C1E26889E6AC19C9E59D2CDB82DE1846DB67B7F0ABBF375AD516DB9206",
      "downloadLocation": "NOASSERTION",
      "filesAnalyzed": false,
      "licenseConcluded": "NOASSERTION",
      "licenseInfoFromFiles": [
        "NOASSERTION"
      ],
      "licenseDeclared": "NOASSERTION",
      "copyrightText": "NOASSERTION",
      "versionInfo": "6.0.0",
      "externalRefs": [
        {
          "referenceCategory": "PACKAGE_MANAGER",
          "referenceType": "purl",
          "referenceLocator": "pkg:nuget/System.DirectoryServices.AccountManagement%406.0.0"
        }
      ],
      "supplier": "NOASSERTION"
    },
    {
      "name": "XunitXml.TestLogger",
      "SPDXID": "SPDXRef-Package-F037A1B0730172FE984549B0ACED7DD8CD75D1AE7B2A0D39DB673DAE29052538",
      "downloadLocation": "NOASSERTION",
      "filesAnalyzed": false,
      "licenseConcluded": "NOASSERTION",
      "licenseInfoFromFiles": [
        "NOASSERTION"
      ],
      "licenseDeclared": "NOASSERTION",
      "copyrightText": "NOASSERTION",
      "versionInfo": "2.1.26",
      "externalRefs": [
        {
          "referenceCategory": "PACKAGE_MANAGER",
          "referenceType": "purl",
          "referenceLocator": "pkg:nuget/XunitXml.TestLogger%402.1.26"
        }
      ],
      "supplier": "NOASSERTION"
    },
    {
      "name": "Microsoft.TestPlatform.ObjectModel",
      "SPDXID": "SPDXRef-Package-F0669F0F40151AF0350EF10EB16A84C4D43FEE83059D4DAC48A9E4C1DA5363F8",
      "downloadLocation": "NOASSERTION",
      "filesAnalyzed": false,
      "licenseConcluded": "NOASSERTION",
      "licenseInfoFromFiles": [
        "NOASSERTION"
      ],
      "licenseDeclared": "NOASSERTION",
      "copyrightText": "NOASSERTION",
      "versionInfo": "16.7.1",
      "externalRefs": [
        {
          "referenceCategory": "PACKAGE_MANAGER",
          "referenceType": "purl",
          "referenceLocator": "pkg:nuget/Microsoft.TestPlatform.ObjectModel%4016.7.1"
        }
      ],
      "supplier": "NOASSERTION"
    },
    {
      "name": "Microsoft.CodeCoverage",
      "SPDXID": "SPDXRef-Package-D06321A2E529DAFB9EB12DDC595DA61DA224784753019DB501CAD46CEEBEC3A3",
      "downloadLocation": "NOASSERTION",
      "filesAnalyzed": false,
      "licenseConcluded": "NOASSERTION",
      "licenseInfoFromFiles": [
        "NOASSERTION"
      ],
      "licenseDeclared": "NOASSERTION",
      "copyrightText": "NOASSERTION",
      "versionInfo": "16.7.1",
      "externalRefs": [
        {
          "referenceCategory": "PACKAGE_MANAGER",
          "referenceType": "purl",
          "referenceLocator": "pkg:nuget/Microsoft.CodeCoverage%4016.7.1"
        }
      ],
      "supplier": "NOASSERTION"
    },
    {
      "name": "Microsoft.NETFramework.ReferenceAssemblies",
      "SPDXID": "SPDXRef-Package-4B78FCF9F4014D2D2A3928CC959C5D37552772323CCDDCDEE3CD99EFBD60E53D",
      "downloadLocation": "NOASSERTION",
      "filesAnalyzed": false,
      "licenseConcluded": "NOASSERTION",
      "licenseInfoFromFiles": [
        "NOASSERTION"
      ],
      "licenseDeclared": "NOASSERTION",
      "copyrightText": "NOASSERTION",
      "versionInfo": "1.0.2",
      "externalRefs": [
        {
          "referenceCategory": "PACKAGE_MANAGER",
          "referenceType": "purl",
          "referenceLocator": "pkg:nuget/Microsoft.NETFramework.ReferenceAssemblies%401.0.2"
        }
      ],
      "supplier": "NOASSERTION"
    },
    {
      "name": "Microsoft.PowerShell.MarkdownRender",
      "SPDXID": "SPDXRef-Package-78D2FAE4E0745BB0F188068D3B8FA20D60CF690006FCD90C443FC07DA57671BC",
      "downloadLocation": "NOASSERTION",
      "filesAnalyzed": false,
      "licenseConcluded": "NOASSERTION",
      "licenseInfoFromFiles": [
        "NOASSERTION"
      ],
      "licenseDeclared": "NOASSERTION",
      "copyrightText": "NOASSERTION",
      "versionInfo": "7.2.0",
      "externalRefs": [
        {
          "referenceCategory": "PACKAGE_MANAGER",
          "referenceType": "purl",
          "referenceLocator": "pkg:nuget/Microsoft.PowerShell.MarkdownRender%407.2.0"
        }
      ],
      "supplier": "NOASSERTION"
    },
    {
      "name": "System.Speech",
      "SPDXID": "SPDXRef-Package-C5CC142F30EB8BE9CF471BAD8EEBDC2AEE7D7846826275D62DE11B3E1196666D",
      "downloadLocation": "NOASSERTION",
      "filesAnalyzed": false,
      "licenseConcluded": "NOASSERTION",
      "licenseInfoFromFiles": [
        "NOASSERTION"
      ],
      "licenseDeclared": "NOASSERTION",
      "copyrightText": "NOASSERTION",
      "versionInfo": "6.0.0",
      "externalRefs": [
        {
          "referenceCategory": "PACKAGE_MANAGER",
          "referenceType": "purl",
          "referenceLocator": "pkg:nuget/System.Speech%406.0.0"
        }
      ],
      "supplier": "NOASSERTION"
    },
    {
      "name": "NuGet.Frameworks",
      "SPDXID": "SPDXRef-Package-3D762E0F169506279F40A11F69CB7F7E9DA3F36F47D6E7C2E17C3161DADB7FE8",
      "downloadLocation": "NOASSERTION",
      "filesAnalyzed": false,
      "licenseConcluded": "NOASSERTION",
      "licenseInfoFromFiles": [
        "NOASSERTION"
      ],
      "licenseDeclared": "NOASSERTION",
      "copyrightText": "NOASSERTION",
      "versionInfo": "5.0.0",
      "externalRefs": [
        {
          "referenceCategory": "PACKAGE_MANAGER",
          "referenceType": "purl",
          "referenceLocator": "pkg:nuget/NuGet.Frameworks%405.0.0"
        }
      ],
      "supplier": "NOASSERTION"
    },
    {
      "name": "System.Security.Cryptography.Xml",
      "SPDXID": "SPDXRef-Package-FF2C6BCB668E41C37098831E12444D5C6144349874E485B16B3A8DAA870D32A4",
      "downloadLocation": "NOASSERTION",
      "filesAnalyzed": false,
      "licenseConcluded": "NOASSERTION",
      "licenseInfoFromFiles": [
        "NOASSERTION"
      ],
      "licenseDeclared": "NOASSERTION",
      "copyrightText": "NOASSERTION",
      "versionInfo": "6.0.0",
      "externalRefs": [
        {
          "referenceCategory": "PACKAGE_MANAGER",
          "referenceType": "purl",
          "referenceLocator": "pkg:nuget/System.Security.Cryptography.Xml%406.0.0"
        }
      ],
      "supplier": "NOASSERTION"
    },
    {
      "name": "System.Security.Permissions",
      "SPDXID": "SPDXRef-Package-79D23D36E35382A94AE37114DC01A4E20E19FC25E0D5C079BE6A506D4EF964E0",
      "downloadLocation": "NOASSERTION",
      "filesAnalyzed": false,
      "licenseConcluded": "NOASSERTION",
      "licenseInfoFromFiles": [
        "NOASSERTION"
      ],
      "licenseDeclared": "NOASSERTION",
      "copyrightText": "NOASSERTION",
      "versionInfo": "6.0.0",
      "externalRefs": [
        {
          "referenceCategory": "PACKAGE_MANAGER",
          "referenceType": "purl",
          "referenceLocator": "pkg:nuget/System.Security.Permissions%406.0.0"
        }
      ],
      "supplier": "NOASSERTION"
    },
    {
      "name": "Microsoft.PowerShell.Commands.Utility",
      "SPDXID": "SPDXRef-Package-F0B677BAC7F0000ADC2A7E3E1296E76BFEFD67380DF587F82ABF15D0A05CA6F0",
      "downloadLocation": "NOASSERTION",
      "filesAnalyzed": false,
      "licenseConcluded": "NOASSERTION",
      "licenseInfoFromFiles": [
        "NOASSERTION"
      ],
      "licenseDeclared": "NOASSERTION",
      "copyrightText": "NOASSERTION",
      "versionInfo": "7.2.0",
      "externalRefs": [
        {
          "referenceCategory": "PACKAGE_MANAGER",
          "referenceType": "purl",
          "referenceLocator": "pkg:nuget/Microsoft.PowerShell.Commands.Utility%407.2.0"
        }
      ],
      "supplier": "NOASSERTION"
    },
    {
      "name": "xunit.analyzers",
      "SPDXID": "SPDXRef-Package-95CAC702E88993E8FEC7F6E7EC2489D3FC68CC1BE88BD081BC24A6E244A60E68",
      "downloadLocation": "NOASSERTION",
      "filesAnalyzed": false,
      "licenseConcluded": "NOASSERTION",
      "licenseInfoFromFiles": [
        "NOASSERTION"
      ],
      "licenseDeclared": "NOASSERTION",
      "copyrightText": "NOASSERTION",
      "versionInfo": "0.10.0",
      "externalRefs": [
        {
          "referenceCategory": "PACKAGE_MANAGER",
          "referenceType": "purl",
          "referenceLocator": "pkg:nuget/xunit.analyzers%400.10.0"
        }
      ],
      "supplier": "NOASSERTION"
    },
    {
      "name": "Microsoft.Management.Infrastructure",
      "SPDXID": "SPDXRef-Package-B4818DF507BF454F483D412A8DA720FE15316B607BA2F5300A9D59397AB2CAFE",
      "downloadLocation": "NOASSERTION",
      "filesAnalyzed": false,
      "licenseConcluded": "NOASSERTION",
      "licenseInfoFromFiles": [
        "NOASSERTION"
      ],
      "licenseDeclared": "NOASSERTION",
      "copyrightText": "NOASSERTION",
      "versionInfo": "2.0.0",
      "externalRefs": [
        {
          "referenceCategory": "PACKAGE_MANAGER",
          "referenceType": "purl",
          "referenceLocator": "pkg:nuget/Microsoft.Management.Infrastructure%402.0.0"
        }
      ],
      "supplier": "NOASSERTION"
    },
    {
      "name": "System.Formats.Asn1",
      "SPDXID": "SPDXRef-Package-D60BE9A079A339572CC368D77C4FE3CD4860E5B2846B9831B99485A3ABD77F4B",
      "downloadLocation": "NOASSERTION",
      "filesAnalyzed": false,
      "licenseConcluded": "NOASSERTION",
      "licenseInfoFromFiles": [
        "NOASSERTION"
      ],
      "licenseDeclared": "NOASSERTION",
      "copyrightText": "NOASSERTION",
      "versionInfo": "6.0.0",
      "externalRefs": [
        {
          "referenceCategory": "PACKAGE_MANAGER",
          "referenceType": "purl",
          "referenceLocator": "pkg:nuget/System.Formats.Asn1%406.0.0"
        }
      ],
      "supplier": "NOASSERTION"
    },
    {
      "name": "runtime.win-arm64.runtime.native.System.Data.SqlClient.sni",
      "SPDXID": "SPDXRef-Package-6DCCEDA2DAD73EE222918430543E67924B64B2B7C160A5F53187C363E9227B05",
      "downloadLocation": "NOASSERTION",
      "filesAnalyzed": false,
      "licenseConcluded": "NOASSERTION",
      "licenseInfoFromFiles": [
        "NOASSERTION"
      ],
      "licenseDeclared": "NOASSERTION",
      "copyrightText": "NOASSERTION",
      "versionInfo": "4.4.0",
      "externalRefs": [
        {
          "referenceCategory": "PACKAGE_MANAGER",
          "referenceType": "purl",
          "referenceLocator": "pkg:nuget/runtime.win-arm64.runtime.native.System.Data.SqlClient.sni%404.4.0"
        }
      ],
      "supplier": "NOASSERTION"
    },
    {
      "name": "Microsoft.WSMan.Management",
      "SPDXID": "SPDXRef-Package-69F8AA6EA404C72A63226CE348A5742E5CD860C7F8DDBCECD6422FB1F062E396",
      "downloadLocation": "NOASSERTION",
      "filesAnalyzed": false,
      "licenseConcluded": "NOASSERTION",
      "licenseInfoFromFiles": [
        "NOASSERTION"
      ],
      "licenseDeclared": "NOASSERTION",
      "copyrightText": "NOASSERTION",
      "versionInfo": "7.2.0",
      "externalRefs": [
        {
          "referenceCategory": "PACKAGE_MANAGER",
          "referenceType": "purl",
          "referenceLocator": "pkg:nuget/Microsoft.WSMan.Management%407.2.0"
        }
      ],
      "supplier": "NOASSERTION"
    },
    {
      "name": "PowerShellStandard.Library",
      "SPDXID": "SPDXRef-Package-B512828296F96786715767A9D629FA4E02BEACAC0CC0BE4A7A1CFF55AF155FB6",
      "downloadLocation": "NOASSERTION",
      "filesAnalyzed": false,
      "licenseConcluded": "NOASSERTION",
      "licenseInfoFromFiles": [
        "NOASSERTION"
      ],
      "licenseDeclared": "NOASSERTION",
      "copyrightText": "NOASSERTION",
      "versionInfo": "5.1.0",
      "externalRefs": [
        {
          "referenceCategory": "PACKAGE_MANAGER",
          "referenceType": "purl",
          "referenceLocator": "pkg:nuget/PowerShellStandard.Library%405.1.0"
        }
      ],
      "supplier": "NOASSERTION"
    },
    {
      "name": "System.Management",
      "SPDXID": "SPDXRef-Package-D6D5B8242F983BD5148EE9820023BC5C0E96562881FF388B12753B42CC62B2D1",
      "downloadLocation": "NOASSERTION",
      "filesAnalyzed": false,
      "licenseConcluded": "NOASSERTION",
      "licenseInfoFromFiles": [
        "NOASSERTION"
      ],
      "licenseDeclared": "NOASSERTION",
      "copyrightText": "NOASSERTION",
      "versionInfo": "6.0.0",
      "externalRefs": [
        {
          "referenceCategory": "PACKAGE_MANAGER",
          "referenceType": "purl",
          "referenceLocator": "pkg:nuget/System.Management%406.0.0"
        }
      ],
      "supplier": "NOASSERTION"
    },
    {
      "name": "Microsoft.PowerShell.Security",
      "SPDXID": "SPDXRef-Package-3A8D0A3AC259BD48A960E3FAA3346C7E36FD52BCEBD604FF95D98EA852A52752",
      "downloadLocation": "NOASSERTION",
      "filesAnalyzed": false,
      "licenseConcluded": "NOASSERTION",
      "licenseInfoFromFiles": [
        "NOASSERTION"
      ],
      "licenseDeclared": "NOASSERTION",
      "copyrightText": "NOASSERTION",
      "versionInfo": "7.2.0",
      "externalRefs": [
        {
          "referenceCategory": "PACKAGE_MANAGER",
          "referenceType": "purl",
          "referenceLocator": "pkg:nuget/Microsoft.PowerShell.Security%407.2.0"
        }
      ],
      "supplier": "NOASSERTION"
    },
    {
      "name": "Microsoft.Win32.SystemEvents",
      "SPDXID": "SPDXRef-Package-E683A325E1847FBD6074F9CF6EB0A6DAEC5DD81452232F5CE9A5E2F53A9EAE5F",
      "downloadLocation": "NOASSERTION",
      "filesAnalyzed": false,
      "licenseConcluded": "NOASSERTION",
      "licenseInfoFromFiles": [
        "NOASSERTION"
      ],
      "licenseDeclared": "NOASSERTION",
      "copyrightText": "NOASSERTION",
      "versionInfo": "6.0.0",
      "externalRefs": [
        {
          "referenceCategory": "PACKAGE_MANAGER",
          "referenceType": "purl",
          "referenceLocator": "pkg:nuget/Microsoft.Win32.SystemEvents%406.0.0"
        }
      ],
      "supplier": "NOASSERTION"
    },
    {
      "name": "System.Data.SqlClient",
      "SPDXID": "SPDXRef-Package-373676B81ED0089212B9B0D477391E9052E1A88CB4030C46A1C602FDB4D01B8A",
      "downloadLocation": "NOASSERTION",
      "filesAnalyzed": false,
      "licenseConcluded": "NOASSERTION",
      "licenseInfoFromFiles": [
        "NOASSERTION"
      ],
      "licenseDeclared": "NOASSERTION",
      "copyrightText": "NOASSERTION",
      "versionInfo": "4.8.3",
      "externalRefs": [
        {
          "referenceCategory": "PACKAGE_MANAGER",
          "referenceType": "purl",
          "referenceLocator": "pkg:nuget/System.Data.SqlClient%404.8.3"
        }
      ],
      "supplier": "NOASSERTION"
    },
    {
      "name": "System.Runtime.CompilerServices.Unsafe",
      "SPDXID": "SPDXRef-Package-1B140F7FA3F784DD56CC7A8B4145E9AD58D8CDD4C249A0F27F2262E47C9B41AF",
      "downloadLocation": "NOASSERTION",
      "filesAnalyzed": false,
      "licenseConcluded": "NOASSERTION",
      "licenseInfoFromFiles": [
        "NOASSERTION"
      ],
      "licenseDeclared": "NOASSERTION",
      "copyrightText": "NOASSERTION",
      "versionInfo": "6.0.0",
      "externalRefs": [
        {
          "referenceCategory": "PACKAGE_MANAGER",
          "referenceType": "purl",
          "referenceLocator": "pkg:nuget/System.Runtime.CompilerServices.Unsafe%406.0.0"
        }
      ],
      "supplier": "NOASSERTION"
    },
    {
      "name": "System.DirectoryServices",
      "SPDXID": "SPDXRef-Package-85897238C8D0F38E744ED4C88A33739EB2606080F60124A32D442161FFD19D59",
      "downloadLocation": "NOASSERTION",
      "filesAnalyzed": false,
      "licenseConcluded": "NOASSERTION",
      "licenseInfoFromFiles": [
        "NOASSERTION"
      ],
      "licenseDeclared": "NOASSERTION",
      "copyrightText": "NOASSERTION",
      "versionInfo": "6.0.0",
      "externalRefs": [
        {
          "referenceCategory": "PACKAGE_MANAGER",
          "referenceType": "purl",
          "referenceLocator": "pkg:nuget/System.DirectoryServices%406.0.0"
        }
      ],
      "supplier": "NOASSERTION"
    },
    {
      "name": "runtime.osx-x64.runtime.native.System.IO.Ports",
      "SPDXID": "SPDXRef-Package-EDFDDCC95208D29BB26B2E326655CFDD69C464F21D24C0C30C2787C5FADC4DFB",
      "downloadLocation": "NOASSERTION",
      "filesAnalyzed": false,
      "licenseConcluded": "NOASSERTION",
      "licenseInfoFromFiles": [
        "NOASSERTION"
      ],
      "licenseDeclared": "NOASSERTION",
      "copyrightText": "NOASSERTION",
      "versionInfo": "6.0.0",
      "externalRefs": [
        {
          "referenceCategory": "PACKAGE_MANAGER",
          "referenceType": "purl",
          "referenceLocator": "pkg:nuget/runtime.osx-x64.runtime.native.System.IO.Ports%406.0.0"
        }
      ],
      "supplier": "NOASSERTION"
    },
    {
      "name": "Microsoft.PowerShell.Commands.Diagnostics",
      "SPDXID": "SPDXRef-Package-BF0151C4E60E8941B01FF20D0D04660D8595603E1B2DC0D2E9875B7B2C406227",
      "downloadLocation": "NOASSERTION",
      "filesAnalyzed": false,
      "licenseConcluded": "NOASSERTION",
      "licenseInfoFromFiles": [
        "NOASSERTION"
      ],
      "licenseDeclared": "NOASSERTION",
      "copyrightText": "NOASSERTION",
      "versionInfo": "7.2.0",
      "externalRefs": [
        {
          "referenceCategory": "PACKAGE_MANAGER",
          "referenceType": "purl",
          "referenceLocator": "pkg:nuget/Microsoft.PowerShell.Commands.Diagnostics%407.2.0"
        }
      ],
      "supplier": "NOASSERTION"
    },
    {
      "name": "Microsoft.PowerShell.Commands.Management",
      "SPDXID": "SPDXRef-Package-D23669E0ED839B432C5B11C57B8F8320CDC471AB6A10FB1E490ED3EED1BC8388",
      "downloadLocation": "NOASSERTION",
      "filesAnalyzed": false,
      "licenseConcluded": "NOASSERTION",
      "licenseInfoFromFiles": [
        "NOASSERTION"
      ],
      "licenseDeclared": "NOASSERTION",
      "copyrightText": "NOASSERTION",
      "versionInfo": "7.2.0",
      "externalRefs": [
        {
          "referenceCategory": "PACKAGE_MANAGER",
          "referenceType": "purl",
          "referenceLocator": "pkg:nuget/Microsoft.PowerShell.Commands.Management%407.2.0"
        }
      ],
      "supplier": "NOASSERTION"
    },
    {
      "name": "Xunit.SkippableFact",
      "SPDXID": "SPDXRef-Package-DD2D54841D52B7B8590EEE8DAC92B5F591313AEF7407B0F8B1EB1B5752850B10",
      "downloadLocation": "NOASSERTION",
      "filesAnalyzed": false,
      "licenseConcluded": "NOASSERTION",
      "licenseInfoFromFiles": [
        "NOASSERTION"
      ],
      "licenseDeclared": "NOASSERTION",
      "copyrightText": "NOASSERTION",
      "versionInfo": "1.4.13",
      "externalRefs": [
        {
          "referenceCategory": "PACKAGE_MANAGER",
          "referenceType": "purl",
          "referenceLocator": "pkg:nuget/Xunit.SkippableFact%401.4.13"
        }
      ],
      "supplier": "NOASSERTION"
    },
    {
      "name": "Microsoft.Extensions.ObjectPool",
      "SPDXID": "SPDXRef-Package-7821351B6C2938A3BE755F6CBD987B50CE598A4FDE18695FE67508D1277B19CF",
      "downloadLocation": "NOASSERTION",
      "filesAnalyzed": false,
      "licenseConcluded": "NOASSERTION",
      "licenseInfoFromFiles": [
        "NOASSERTION"
      ],
      "licenseDeclared": "NOASSERTION",
      "copyrightText": "NOASSERTION",
      "versionInfo": "5.0.10",
      "externalRefs": [
        {
          "referenceCategory": "PACKAGE_MANAGER",
          "referenceType": "purl",
          "referenceLocator": "pkg:nuget/Microsoft.Extensions.ObjectPool%405.0.10"
        }
      ],
      "supplier": "NOASSERTION"
    },
    {
      "name": "System.ServiceModel.NetTcp",
      "SPDXID": "SPDXRef-Package-8D7907CD1B5E791B5A4F28823597562C24A8F002EEDFC6E6734EAEC6921BA8F2",
      "downloadLocation": "NOASSERTION",
      "filesAnalyzed": false,
      "licenseConcluded": "NOASSERTION",
      "licenseInfoFromFiles": [
        "NOASSERTION"
      ],
      "licenseDeclared": "NOASSERTION",
      "copyrightText": "NOASSERTION",
      "versionInfo": "4.9.0",
      "externalRefs": [
        {
          "referenceCategory": "PACKAGE_MANAGER",
          "referenceType": "purl",
          "referenceLocator": "pkg:nuget/System.ServiceModel.NetTcp%404.9.0"
        }
      ],
      "supplier": "NOASSERTION"
    },
    {
      "name": "Microsoft.PowerShell.Native",
      "SPDXID": "SPDXRef-Package-227AC0A7F6D05964D191DE0476A012FF77EA35F469BC66C433D3EF14B405A393",
      "downloadLocation": "NOASSERTION",
      "filesAnalyzed": false,
      "licenseConcluded": "NOASSERTION",
      "licenseInfoFromFiles": [
        "NOASSERTION"
      ],
      "licenseDeclared": "NOASSERTION",
      "copyrightText": "NOASSERTION",
      "versionInfo": "7.2.0",
      "externalRefs": [
        {
          "referenceCategory": "PACKAGE_MANAGER",
          "referenceType": "purl",
          "referenceLocator": "pkg:nuget/Microsoft.PowerShell.Native%407.2.0"
        }
      ],
      "supplier": "NOASSERTION"
    },
    {
      "name": "System.ComponentModel.Composition.Registration",
      "SPDXID": "SPDXRef-Package-24BCDA27604A07DAE27581E115B0134045E7FB49A858FCD79AD446D8BCD53BEC",
      "downloadLocation": "NOASSERTION",
      "filesAnalyzed": false,
      "licenseConcluded": "NOASSERTION",
      "licenseInfoFromFiles": [
        "NOASSERTION"
      ],
      "licenseDeclared": "NOASSERTION",
      "copyrightText": "NOASSERTION",
      "versionInfo": "6.0.0",
      "externalRefs": [
        {
          "referenceCategory": "PACKAGE_MANAGER",
          "referenceType": "purl",
          "referenceLocator": "pkg:nuget/System.ComponentModel.Composition.Registration%406.0.0"
        }
      ],
      "supplier": "NOASSERTION"
    },
    {
      "name": "Microsoft.ApplicationInsights",
      "SPDXID": "SPDXRef-Package-F797FE613AEAD3C391D168AA41F891ED5D5C1AB5EA48FD2CAC5E6F11A42A95CA",
      "downloadLocation": "NOASSERTION",
      "filesAnalyzed": false,
      "licenseConcluded": "NOASSERTION",
      "licenseInfoFromFiles": [
        "NOASSERTION"
      ],
      "licenseDeclared": "NOASSERTION",
      "copyrightText": "NOASSERTION",
      "versionInfo": "2.18.0",
      "externalRefs": [
        {
          "referenceCategory": "PACKAGE_MANAGER",
          "referenceType": "purl",
          "referenceLocator": "pkg:nuget/Microsoft.ApplicationInsights%402.18.0"
        }
      ],
      "supplier": "NOASSERTION"
    },
    {
      "name": "runtime.native.System.Data.SqlClient.sni",
      "SPDXID": "SPDXRef-Package-ACDE318753E8F05102132DA3D3C3487B82F1D90907D631CE069769C44A30AEF9",
      "downloadLocation": "NOASSERTION",
      "filesAnalyzed": false,
      "licenseConcluded": "NOASSERTION",
      "licenseInfoFromFiles": [
        "NOASSERTION"
      ],
      "licenseDeclared": "NOASSERTION",
      "copyrightText": "NOASSERTION",
      "versionInfo": "4.7.0",
      "externalRefs": [
        {
          "referenceCategory": "PACKAGE_MANAGER",
          "referenceType": "purl",
          "referenceLocator": "pkg:nuget/runtime.native.System.Data.SqlClient.sni%404.7.0"
        }
      ],
      "supplier": "NOASSERTION"
    },
    {
      "name": "System.IO.Packaging",
      "SPDXID": "SPDXRef-Package-895DEB7AD35BF72365E0715BFE1B713489D627A823BE2F8618E355E48A2C7042",
      "downloadLocation": "NOASSERTION",
      "filesAnalyzed": false,
      "licenseConcluded": "NOASSERTION",
      "licenseInfoFromFiles": [
        "NOASSERTION"
      ],
      "licenseDeclared": "NOASSERTION",
      "copyrightText": "NOASSERTION",
      "versionInfo": "6.0.0",
      "externalRefs": [
        {
          "referenceCategory": "PACKAGE_MANAGER",
          "referenceType": "purl",
          "referenceLocator": "pkg:nuget/System.IO.Packaging%406.0.0"
        }
      ],
      "supplier": "NOASSERTION"
    },
    {
      "name": "Microsoft.PowerShell.CoreCLR.Eventing",
      "SPDXID": "SPDXRef-Package-BB45875C7CC804E77CEFD3B186F3192BA64B39E3FA8F440E017AC2BBB6BF5F7F",
      "downloadLocation": "NOASSERTION",
      "filesAnalyzed": false,
      "licenseConcluded": "NOASSERTION",
      "licenseInfoFromFiles": [
        "NOASSERTION"
      ],
      "licenseDeclared": "NOASSERTION",
      "copyrightText": "NOASSERTION",
      "versionInfo": "7.2.0",
      "externalRefs": [
        {
          "referenceCategory": "PACKAGE_MANAGER",
          "referenceType": "purl",
          "referenceLocator": "pkg:nuget/Microsoft.PowerShell.CoreCLR.Eventing%407.2.0"
        }
      ],
      "supplier": "NOASSERTION"
    },
    {
      "name": "Markdig.Signed",
      "SPDXID": "SPDXRef-Package-0FC64470DCD1B59E43D4C21E4F0964FFA9F38E4DB75BDB403F3B89B9C38A6F89",
      "downloadLocation": "NOASSERTION",
      "filesAnalyzed": false,
      "licenseConcluded": "NOASSERTION",
      "licenseInfoFromFiles": [
        "NOASSERTION"
      ],
      "licenseDeclared": "NOASSERTION",
      "copyrightText": "NOASSERTION",
      "versionInfo": "0.22.0",
      "externalRefs": [
        {
          "referenceCategory": "PACKAGE_MANAGER",
          "referenceType": "purl",
          "referenceLocator": "pkg:nuget/Markdig.Signed%400.22.0"
        }
      ],
      "supplier": "NOASSERTION"
    },
    {
      "name": "runtime.linux-x64.runtime.native.System.IO.Ports",
      "SPDXID": "SPDXRef-Package-F111BCF3D2E488837682822007B7C4A05F5095769BA5E4F7ACC5F8088C5E9371",
      "downloadLocation": "NOASSERTION",
      "filesAnalyzed": false,
      "licenseConcluded": "NOASSERTION",
      "licenseInfoFromFiles": [
        "NOASSERTION"
      ],
      "licenseDeclared": "NOASSERTION",
      "copyrightText": "NOASSERTION",
      "versionInfo": "6.0.0",
      "externalRefs": [
        {
          "referenceCategory": "PACKAGE_MANAGER",
          "referenceType": "purl",
          "referenceLocator": "pkg:nuget/runtime.linux-x64.runtime.native.System.IO.Ports%406.0.0"
        }
      ],
      "supplier": "NOASSERTION"
    },
    {
      "name": "System.ServiceProcess.ServiceController",
      "SPDXID": "SPDXRef-Package-188813AAF7DA1DA97C3592086B172E8ABECCCE787F3C4635D8D5EE218341FBE9",
      "downloadLocation": "NOASSERTION",
      "filesAnalyzed": false,
      "licenseConcluded": "NOASSERTION",
      "licenseInfoFromFiles": [
        "NOASSERTION"
      ],
      "licenseDeclared": "NOASSERTION",
      "copyrightText": "NOASSERTION",
      "versionInfo": "6.0.0",
      "externalRefs": [
        {
          "referenceCategory": "PACKAGE_MANAGER",
          "referenceType": "purl",
          "referenceLocator": "pkg:nuget/System.ServiceProcess.ServiceController%406.0.0"
        }
      ],
      "supplier": "NOASSERTION"
    },
    {
      "name": "System.ServiceModel.Syndication",
      "SPDXID": "SPDXRef-Package-B58252990A594C77C4C11A1C1DDEB688068BC3C81B5FB5DEDD643E6741E44E16",
      "downloadLocation": "NOASSERTION",
      "filesAnalyzed": false,
      "licenseConcluded": "NOASSERTION",
      "licenseInfoFromFiles": [
        "NOASSERTION"
      ],
      "licenseDeclared": "NOASSERTION",
      "copyrightText": "NOASSERTION",
      "versionInfo": "6.0.0",
      "externalRefs": [
        {
          "referenceCategory": "PACKAGE_MANAGER",
          "referenceType": "purl",
          "referenceLocator": "pkg:nuget/System.ServiceModel.Syndication%406.0.0"
        }
      ],
      "supplier": "NOASSERTION"
    },
    {
      "name": "Microsoft.Bcl.AsyncInterfaces",
      "SPDXID": "SPDXRef-Package-342BA5C11805FDDCAF3A2BF48BFDCAB5C0240793089F89196209A39C580902E6",
      "downloadLocation": "NOASSERTION",
      "filesAnalyzed": false,
      "licenseConcluded": "NOASSERTION",
      "licenseInfoFromFiles": [
        "NOASSERTION"
      ],
      "licenseDeclared": "NOASSERTION",
      "copyrightText": "NOASSERTION",
      "versionInfo": "5.0.0",
      "externalRefs": [
        {
          "referenceCategory": "PACKAGE_MANAGER",
          "referenceType": "purl",
          "referenceLocator": "pkg:nuget/Microsoft.Bcl.AsyncInterfaces%405.0.0"
        }
      ],
      "supplier": "NOASSERTION"
    },
    {
      "name": "Newtonsoft.Json",
      "SPDXID": "SPDXRef-Package-6F5ABA2F60FB90661506CC54FDBF9E05522B0358CA56CDFBFF998AB5A5BCD428",
      "downloadLocation": "NOASSERTION",
      "filesAnalyzed": false,
      "licenseConcluded": "NOASSERTION",
      "licenseInfoFromFiles": [
        "NOASSERTION"
      ],
      "licenseDeclared": "NOASSERTION",
      "copyrightText": "NOASSERTION",
      "versionInfo": "13.0.1",
      "externalRefs": [
        {
          "referenceCategory": "PACKAGE_MANAGER",
          "referenceType": "purl",
          "referenceLocator": "pkg:nuget/Newtonsoft.Json%4013.0.1"
        }
      ],
      "supplier": "NOASSERTION"
    },
    {
      "name": "runtime.native.System.IO.Ports",
      "SPDXID": "SPDXRef-Package-EE5D4072E9519D2BA5D871EC2B640BD506D199E51F6CB4D07A38AB8F87DAFABA",
      "downloadLocation": "NOASSERTION",
      "filesAnalyzed": false,
      "licenseConcluded": "NOASSERTION",
      "licenseInfoFromFiles": [
        "NOASSERTION"
      ],
      "licenseDeclared": "NOASSERTION",
      "copyrightText": "NOASSERTION",
      "versionInfo": "6.0.0",
      "externalRefs": [
        {
          "referenceCategory": "PACKAGE_MANAGER",
          "referenceType": "purl",
          "referenceLocator": "pkg:nuget/runtime.native.System.IO.Ports%406.0.0"
        }
      ],
      "supplier": "NOASSERTION"
    },
    {
      "name": "Microsoft.WSMan.Runtime",
      "SPDXID": "SPDXRef-Package-45921A3A383B7C5E548DC4DF7F96CA6574E921758ACD54D920C076BA9074D4A8",
      "downloadLocation": "NOASSERTION",
      "filesAnalyzed": false,
      "licenseConcluded": "NOASSERTION",
      "licenseInfoFromFiles": [
        "NOASSERTION"
      ],
      "licenseDeclared": "NOASSERTION",
      "copyrightText": "NOASSERTION",
      "versionInfo": "7.2.0",
      "externalRefs": [
        {
          "referenceCategory": "PACKAGE_MANAGER",
          "referenceType": "purl",
          "referenceLocator": "pkg:nuget/Microsoft.WSMan.Runtime%407.2.0"
        }
      ],
      "supplier": "NOASSERTION"
    },
    {
      "name": "System.Windows.Extensions",
      "SPDXID": "SPDXRef-Package-528AD452683D34DE8F5D57CB988359D7FF23F27BC88404C20BE4F745D04B6266",
      "downloadLocation": "NOASSERTION",
      "filesAnalyzed": false,
      "licenseConcluded": "NOASSERTION",
      "licenseInfoFromFiles": [
        "NOASSERTION"
      ],
      "licenseDeclared": "NOASSERTION",
      "copyrightText": "NOASSERTION",
      "versionInfo": "6.0.0",
      "externalRefs": [
        {
          "referenceCategory": "PACKAGE_MANAGER",
          "referenceType": "purl",
          "referenceLocator": "pkg:nuget/System.Windows.Extensions%406.0.0"
        }
      ],
      "supplier": "NOASSERTION"
    },
    {
      "name": "System.Threading.AccessControl",
      "SPDXID": "SPDXRef-Package-34A8AFC6A122E36672B29A350987056CC325CD46F9AFB6E06039D9CFB846866D",
      "downloadLocation": "NOASSERTION",
      "filesAnalyzed": false,
      "licenseConcluded": "NOASSERTION",
      "licenseInfoFromFiles": [
        "NOASSERTION"
      ],
      "licenseDeclared": "NOASSERTION",
      "copyrightText": "NOASSERTION",
      "versionInfo": "6.0.0",
      "externalRefs": [
        {
          "referenceCategory": "PACKAGE_MANAGER",
          "referenceType": "purl",
          "referenceLocator": "pkg:nuget/System.Threading.AccessControl%406.0.0"
        }
      ],
      "supplier": "NOASSERTION"
    },
    {
      "name": "Microsoft.PowerShell.Pager",
      "SPDXID": "SPDXRef-Package-E25C79749FED4D411883A143E4811CFEC23DA805C17090B76363D0A464A568F5",
      "downloadLocation": "NOASSERTION",
      "filesAnalyzed": false,
      "licenseConcluded": "NOASSERTION",
      "licenseInfoFromFiles": [
        "NOASSERTION"
      ],
      "licenseDeclared": "NOASSERTION",
      "copyrightText": "NOASSERTION",
      "versionInfo": "1.0.0",
      "externalRefs": [
        {
          "referenceCategory": "PACKAGE_MANAGER",
          "referenceType": "purl",
          "referenceLocator": "pkg:nuget/Microsoft.PowerShell.Pager%401.0.0"
        }
      ],
      "supplier": "NOASSERTION"
    },
    {
      "name": "xunit.extensibility.execution",
      "SPDXID": "SPDXRef-Package-A4059A520108C80C86214C5BC55E08B0B12F7328E5E3D7027AA4FCA5224937A9",
      "downloadLocation": "NOASSERTION",
      "filesAnalyzed": false,
      "licenseConcluded": "NOASSERTION",
      "licenseInfoFromFiles": [
        "NOASSERTION"
      ],
      "licenseDeclared": "NOASSERTION",
      "copyrightText": "NOASSERTION",
      "versionInfo": "2.4.1",
      "externalRefs": [
        {
          "referenceCategory": "PACKAGE_MANAGER",
          "referenceType": "purl",
          "referenceLocator": "pkg:nuget/xunit.extensibility.execution%402.4.1"
        }
      ],
      "supplier": "NOASSERTION"
    },
    {
      "name": "xunit.core",
      "SPDXID": "SPDXRef-Package-28B06C6DFCF8BFCC74644E74CA082289A54DB7BED8B3CDB8A1909686D32C9526",
      "downloadLocation": "NOASSERTION",
      "filesAnalyzed": false,
      "licenseConcluded": "NOASSERTION",
      "licenseInfoFromFiles": [
        "NOASSERTION"
      ],
      "licenseDeclared": "NOASSERTION",
      "copyrightText": "NOASSERTION",
      "versionInfo": "2.4.1",
      "externalRefs": [
        {
          "referenceCategory": "PACKAGE_MANAGER",
          "referenceType": "purl",
          "referenceLocator": "pkg:nuget/xunit.core%402.4.1"
        }
      ],
      "supplier": "NOASSERTION"
    },
    {
      "name": "System.CodeDom",
      "SPDXID": "SPDXRef-Package-8C2272E9A8C5CD64644B0DED8F50E74915AF424C4590D31B7FBC202C963E578F",
      "downloadLocation": "NOASSERTION",
      "filesAnalyzed": false,
      "licenseConcluded": "NOASSERTION",
      "licenseInfoFromFiles": [
        "NOASSERTION"
      ],
      "licenseDeclared": "NOASSERTION",
      "copyrightText": "NOASSERTION",
      "versionInfo": "6.0.0",
      "externalRefs": [
        {
          "referenceCategory": "PACKAGE_MANAGER",
          "referenceType": "purl",
          "referenceLocator": "pkg:nuget/System.CodeDom%406.0.0"
        }
      ],
      "supplier": "NOASSERTION"
    },
    {
      "name": "System.Drawing.Common",
      "SPDXID": "SPDXRef-Package-731726FF31D732CB840F565565BE564403F6DC2B192C2B84BF963BD50CB69C76",
      "downloadLocation": "NOASSERTION",
      "filesAnalyzed": false,
      "licenseConcluded": "NOASSERTION",
      "licenseInfoFromFiles": [
        "NOASSERTION"
      ],
      "licenseDeclared": "NOASSERTION",
      "copyrightText": "NOASSERTION",
      "versionInfo": "6.0.0",
      "externalRefs": [
        {
          "referenceCategory": "PACKAGE_MANAGER",
          "referenceType": "purl",
          "referenceLocator": "pkg:nuget/System.Drawing.Common%406.0.0"
        }
      ],
      "supplier": "NOASSERTION"
    },
    {
      "name": "Microsoft.Windows.Compatibility",
      "SPDXID": "SPDXRef-Package-F2A60D2812DC47332895EA55A3C0A46EBCDFB1ACB8CEA51CBFD269C5C7FCC3C8",
      "downloadLocation": "NOASSERTION",
      "filesAnalyzed": false,
      "licenseConcluded": "NOASSERTION",
      "licenseInfoFromFiles": [
        "NOASSERTION"
      ],
      "licenseDeclared": "NOASSERTION",
      "copyrightText": "NOASSERTION",
      "versionInfo": "6.0.0",
      "externalRefs": [
        {
          "referenceCategory": "PACKAGE_MANAGER",
          "referenceType": "purl",
          "referenceLocator": "pkg:nuget/Microsoft.Windows.Compatibility%406.0.0"
        }
      ],
      "supplier": "NOASSERTION"
    },
    {
      "name": "System.Net.Http.WinHttpHandler",
      "SPDXID": "SPDXRef-Package-1A83F2C274228BF398D0809B623C7FAD409FE3E0592FF1A6154752C6A4C12679",
      "downloadLocation": "NOASSERTION",
      "filesAnalyzed": false,
      "licenseConcluded": "NOASSERTION",
      "licenseInfoFromFiles": [
        "NOASSERTION"
      ],
      "licenseDeclared": "NOASSERTION",
      "copyrightText": "NOASSERTION",
      "versionInfo": "6.0.0",
      "externalRefs": [
        {
          "referenceCategory": "PACKAGE_MANAGER",
          "referenceType": "purl",
          "referenceLocator": "pkg:nuget/System.Net.Http.WinHttpHandler%406.0.0"
        }
      ],
      "supplier": "NOASSERTION"
    },
    {
      "name": "System.Configuration.ConfigurationManager",
      "SPDXID": "SPDXRef-Package-7496EB7D8D86F5A343AE001BBA0FE25F68A5BF28057A8304B4CABB53E5842D4B",
      "downloadLocation": "NOASSERTION",
      "filesAnalyzed": false,
      "licenseConcluded": "NOASSERTION",
      "licenseInfoFromFiles": [
        "NOASSERTION"
      ],
      "licenseDeclared": "NOASSERTION",
      "copyrightText": "NOASSERTION",
      "versionInfo": "6.0.0",
      "externalRefs": [
        {
          "referenceCategory": "PACKAGE_MANAGER",
          "referenceType": "purl",
          "referenceLocator": "pkg:nuget/System.Configuration.ConfigurationManager%406.0.0"
        }
      ],
      "supplier": "NOASSERTION"
    },
    {
      "name": "Validation",
      "SPDXID": "SPDXRef-Package-ED6B5A1F0C7B6A5996E99BB697BB0464C3E7CBC0E222F3CC6B232F41DC5796D9",
      "downloadLocation": "NOASSERTION",
      "filesAnalyzed": false,
      "licenseConcluded": "NOASSERTION",
      "licenseInfoFromFiles": [
        "NOASSERTION"
      ],
      "licenseDeclared": "NOASSERTION",
      "copyrightText": "NOASSERTION",
      "versionInfo": "2.4.18",
      "externalRefs": [
        {
          "referenceCategory": "PACKAGE_MANAGER",
          "referenceType": "purl",
          "referenceLocator": "pkg:nuget/Validation%402.4.18"
        }
      ],
      "supplier": "NOASSERTION"
    },
    {
      "name": "System.Security.AccessControl",
      "SPDXID": "SPDXRef-Package-BD5D3E09B5B6D3451EDDD1D32105D059705408E4BF509FF6EA91ABE0158BBCFC",
      "downloadLocation": "NOASSERTION",
      "filesAnalyzed": false,
      "licenseConcluded": "NOASSERTION",
      "licenseInfoFromFiles": [
        "NOASSERTION"
      ],
      "licenseDeclared": "NOASSERTION",
      "copyrightText": "NOASSERTION",
      "versionInfo": "6.0.0",
      "externalRefs": [
        {
          "referenceCategory": "PACKAGE_MANAGER",
          "referenceType": "purl",
          "referenceLocator": "pkg:nuget/System.Security.AccessControl%406.0.0"
        }
      ],
      "supplier": "NOASSERTION"
    },
    {
      "name": "System.Private.ServiceModel",
      "SPDXID": "SPDXRef-Package-234C05D14DD47F1D0D37F8331983BC56C9DC44BD754896FD4E942AEBA22C9623",
      "downloadLocation": "NOASSERTION",
      "filesAnalyzed": false,
      "licenseConcluded": "NOASSERTION",
      "licenseInfoFromFiles": [
        "NOASSERTION"
      ],
      "licenseDeclared": "NOASSERTION",
      "copyrightText": "NOASSERTION",
      "versionInfo": "4.9.0",
      "externalRefs": [
        {
          "referenceCategory": "PACKAGE_MANAGER",
          "referenceType": "purl",
          "referenceLocator": "pkg:nuget/System.Private.ServiceModel%404.9.0"
        }
      ],
      "supplier": "NOASSERTION"
    },
    {
      "name": "Microsoft.Management.Infrastructure.Runtime.Win",
      "SPDXID": "SPDXRef-Package-597E4EB7D4DE70AB986BF564D4F5016660994E8061B1567D8F46CA0D9F3DFDAB",
      "downloadLocation": "NOASSERTION",
      "filesAnalyzed": false,
      "licenseConcluded": "NOASSERTION",
      "licenseInfoFromFiles": [
        "NOASSERTION"
      ],
      "licenseDeclared": "NOASSERTION",
      "copyrightText": "NOASSERTION",
      "versionInfo": "2.0.0",
      "externalRefs": [
        {
          "referenceCategory": "PACKAGE_MANAGER",
          "referenceType": "purl",
          "referenceLocator": "pkg:nuget/Microsoft.Management.Infrastructure.Runtime.Win%402.0.0"
        }
      ],
      "supplier": "NOASSERTION"
    },
    {
      "name": "System.Reflection.Context",
      "SPDXID": "SPDXRef-Package-721A2EC3CF1FB1656B25C72638BE48FF5FD37FCE4AC43DD2A62A8E8BA325B6A4",
      "downloadLocation": "NOASSERTION",
      "filesAnalyzed": false,
      "licenseConcluded": "NOASSERTION",
      "licenseInfoFromFiles": [
        "NOASSERTION"
      ],
      "licenseDeclared": "NOASSERTION",
      "copyrightText": "NOASSERTION",
      "versionInfo": "6.0.0",
      "externalRefs": [
        {
          "referenceCategory": "PACKAGE_MANAGER",
          "referenceType": "purl",
          "referenceLocator": "pkg:nuget/System.Reflection.Context%406.0.0"
        }
      ],
      "supplier": "NOASSERTION"
    },
    {
      "name": "System.ComponentModel.Composition",
      "SPDXID": "SPDXRef-Package-E58AC156268ABFA656C7A9B6538E3C47D1429964A49012CA1E701E7D2C8D18D0",
      "downloadLocation": "NOASSERTION",
      "filesAnalyzed": false,
      "licenseConcluded": "NOASSERTION",
      "licenseInfoFromFiles": [
        "NOASSERTION"
      ],
      "licenseDeclared": "NOASSERTION",
      "copyrightText": "NOASSERTION",
      "versionInfo": "6.0.0",
      "externalRefs": [
        {
          "referenceCategory": "PACKAGE_MANAGER",
          "referenceType": "purl",
          "referenceLocator": "pkg:nuget/System.ComponentModel.Composition%406.0.0"
        }
      ],
      "supplier": "NOASSERTION"
    },
    {
      "name": "Microsoft.TestPlatform.TestHost",
      "SPDXID": "SPDXRef-Package-D52CD001D2995D41CC49B2E3262AD34924C8334D45D9088C45303F4C56C6A037",
      "downloadLocation": "NOASSERTION",
      "filesAnalyzed": false,
      "licenseConcluded": "NOASSERTION",
      "licenseInfoFromFiles": [
        "NOASSERTION"
      ],
      "licenseDeclared": "NOASSERTION",
      "copyrightText": "NOASSERTION",
      "versionInfo": "16.7.1",
      "externalRefs": [
        {
          "referenceCategory": "PACKAGE_MANAGER",
          "referenceType": "purl",
          "referenceLocator": "pkg:nuget/Microsoft.TestPlatform.TestHost%4016.7.1"
        }
      ],
      "supplier": "NOASSERTION"
    },
    {
      "name": "Microsoft.NET.Test.Sdk",
      "SPDXID": "SPDXRef-Package-753C3608F28A46B7D362B2E4DF7FE53B5876688C477AF3EB98E96B06DA64D6DE",
      "downloadLocation": "NOASSERTION",
      "filesAnalyzed": false,
      "licenseConcluded": "NOASSERTION",
      "licenseInfoFromFiles": [
        "NOASSERTION"
      ],
      "licenseDeclared": "NOASSERTION",
      "copyrightText": "NOASSERTION",
      "versionInfo": "16.7.1",
      "externalRefs": [
        {
          "referenceCategory": "PACKAGE_MANAGER",
          "referenceType": "purl",
          "referenceLocator": "pkg:nuget/Microsoft.NET.Test.Sdk%4016.7.1"
        }
      ],
      "supplier": "NOASSERTION"
    },
    {
      "name": "System.Data.OleDb",
      "SPDXID": "SPDXRef-Package-A537FE036BB5B047BC9DA9071A64766C48A2E20B604C721F3E499360BD720267",
      "downloadLocation": "NOASSERTION",
      "filesAnalyzed": false,
      "licenseConcluded": "NOASSERTION",
      "licenseInfoFromFiles": [
        "NOASSERTION"
      ],
      "licenseDeclared": "NOASSERTION",
      "copyrightText": "NOASSERTION",
      "versionInfo": "6.0.0",
      "externalRefs": [
        {
          "referenceCategory": "PACKAGE_MANAGER",
          "referenceType": "purl",
          "referenceLocator": "pkg:nuget/System.Data.OleDb%406.0.0"
        }
      ],
      "supplier": "NOASSERTION"
    },
    {
      "name": "System.Web.Services.Description",
      "SPDXID": "SPDXRef-Package-FC368E97C67C8E3E6798F62D075DC1B5AC857F87348A6603B7663CD7515B5464",
      "downloadLocation": "NOASSERTION",
      "filesAnalyzed": false,
      "licenseConcluded": "NOASSERTION",
      "licenseInfoFromFiles": [
        "NOASSERTION"
      ],
      "licenseDeclared": "NOASSERTION",
      "copyrightText": "NOASSERTION",
      "versionInfo": "4.9.0",
      "externalRefs": [
        {
          "referenceCategory": "PACKAGE_MANAGER",
          "referenceType": "purl",
          "referenceLocator": "pkg:nuget/System.Web.Services.Description%404.9.0"
        }
      ],
      "supplier": "NOASSERTION"
    },
    {
      "name": "runtime.osx-arm64.runtime.native.System.IO.Ports",
      "SPDXID": "SPDXRef-Package-7E4656F69E0ED86644E601C8E3EB5DEBD74A50193315A51763ADADE3D34C280C",
      "downloadLocation": "NOASSERTION",
      "filesAnalyzed": false,
      "licenseConcluded": "NOASSERTION",
      "licenseInfoFromFiles": [
        "NOASSERTION"
      ],
      "licenseDeclared": "NOASSERTION",
      "copyrightText": "NOASSERTION",
      "versionInfo": "6.0.0",
      "externalRefs": [
        {
          "referenceCategory": "PACKAGE_MANAGER",
          "referenceType": "purl",
          "referenceLocator": "pkg:nuget/runtime.osx-arm64.runtime.native.System.IO.Ports%406.0.0"
        }
      ],
      "supplier": "NOASSERTION"
    },
    {
      "name": "xunit.runner.visualstudio",
      "SPDXID": "SPDXRef-Package-60BDFB436058E47B0683DB0152A48E9A2D6B04F77DA69147B86A5F51EEF7705A",
      "downloadLocation": "NOASSERTION",
      "filesAnalyzed": false,
      "licenseConcluded": "NOASSERTION",
      "licenseInfoFromFiles": [
        "NOASSERTION"
      ],
      "licenseDeclared": "NOASSERTION",
      "copyrightText": "NOASSERTION",
      "versionInfo": "2.4.3",
      "externalRefs": [
        {
          "referenceCategory": "PACKAGE_MANAGER",
          "referenceType": "purl",
          "referenceLocator": "pkg:nuget/xunit.runner.visualstudio%402.4.3"
        }
      ],
      "supplier": "NOASSERTION"
    },
    {
      "name": "System.IO.Ports",
      "SPDXID": "SPDXRef-Package-71C67A426A3248366829D1514C47B445581A44437935E9DCF4E6A2C5E7D5473C",
      "downloadLocation": "NOASSERTION",
      "filesAnalyzed": false,
      "licenseConcluded": "NOASSERTION",
      "licenseInfoFromFiles": [
        "NOASSERTION"
      ],
      "licenseDeclared": "NOASSERTION",
      "copyrightText": "NOASSERTION",
      "versionInfo": "6.0.0",
      "externalRefs": [
        {
          "referenceCategory": "PACKAGE_MANAGER",
          "referenceType": "purl",
          "referenceLocator": "pkg:nuget/System.IO.Ports%406.0.0"
        }
      ],
      "supplier": "NOASSERTION"
    },
    {
      "name": "System.Text.Encodings.Web",
      "SPDXID": "SPDXRef-Package-AC07F1EF24A7A4C8FDC4F792CC2A1DD9C6B82F0968E587304EB02252F0D02FEB",
      "downloadLocation": "NOASSERTION",
      "filesAnalyzed": false,
      "licenseConcluded": "NOASSERTION",
      "licenseInfoFromFiles": [
        "NOASSERTION"
      ],
      "licenseDeclared": "NOASSERTION",
      "copyrightText": "NOASSERTION",
      "versionInfo": "6.0.0",
      "externalRefs": [
        {
          "referenceCategory": "PACKAGE_MANAGER",
          "referenceType": "purl",
          "referenceLocator": "pkg:nuget/System.Text.Encodings.Web%406.0.0"
        }
      ],
      "supplier": "NOASSERTION"
    },
    {
      "name": "System.Data.DataSetExtensions",
      "SPDXID": "SPDXRef-Package-75EE8BDA02BC1F1E5EF4637221B6F573EEB2C97297F181523667F440A43567C9",
      "downloadLocation": "NOASSERTION",
      "filesAnalyzed": false,
      "licenseConcluded": "NOASSERTION",
      "licenseInfoFromFiles": [
        "NOASSERTION"
      ],
      "licenseDeclared": "NOASSERTION",
      "copyrightText": "NOASSERTION",
      "versionInfo": "4.5.0",
      "externalRefs": [
        {
          "referenceCategory": "PACKAGE_MANAGER",
          "referenceType": "purl",
          "referenceLocator": "pkg:nuget/System.Data.DataSetExtensions%404.5.0"
        }
      ],
      "supplier": "NOASSERTION"
    },
    {
      "name": "Microsoft.Management.Infrastructure.CimCmdlets",
      "SPDXID": "SPDXRef-Package-10D3B10D0FD58A74A180A3366FC86630B5AA4285C509B5118686741B230669A8",
      "downloadLocation": "NOASSERTION",
      "filesAnalyzed": false,
      "licenseConcluded": "NOASSERTION",
      "licenseInfoFromFiles": [
        "NOASSERTION"
      ],
      "licenseDeclared": "NOASSERTION",
      "copyrightText": "NOASSERTION",
      "versionInfo": "7.2.0",
      "externalRefs": [
        {
          "referenceCategory": "PACKAGE_MANAGER",
          "referenceType": "purl",
          "referenceLocator": "pkg:nuget/Microsoft.Management.Infrastructure.CimCmdlets%407.2.0"
        }
      ],
      "supplier": "NOASSERTION"
    },
    {
      "name": "Unknown",
      "SPDXID": "SPDXRef-RootPackage",
      "downloadLocation": "NOASSERTION",
      "packageVerificationCode": {
        "packageVerificationCodeValue": "58747de782e7a2d872e8ed135d42a1f058bc7bab"
      },
      "filesAnalyzed": true,
      "licenseConcluded": "NOASSERTION",
      "licenseInfoFromFiles": [
        "NOASSERTION"
      ],
      "licenseDeclared": "NOASSERTION",
      "copyrightText": "NOASSERTION",
      "versionInfo": "0.0.0",
      "supplier": "Organization: Microsoft",
      "hasFiles": [
        "SPDXRef-File--SamplePSReadLineProfile.ps1-2C61F3360D316110E292F334129D1D6B17228CD9",
        "SPDXRef-File--net6plus-Microsoft.PowerShell.PSReadLine.Polyfiller.dll-FD28F55B1D91806F69F6E02D2D5150CD4C461851",
        "SPDXRef-File--Microsoft.PowerShell.Pager.dll-127329A2AADB37ED3F0ADA1E99A7F09D7C8E289B",
        "SPDXRef-File--System.Runtime.InteropServices.RuntimeInformation.dll-76B0B6E65E38A90A4ECDB3F6DFE16D5A803081E9",
        "SPDXRef-File--Changes.txt-9B93F6CAC7193129D747C80D3FC3117464DD0F92",
        "SPDXRef-File--Microsoft.PowerShell.PSReadLine2.dll-AC060C496112A19FF30F05ED250214F56ACBB059",
        "SPDXRef-File--PSReadLine.psm1-9914C664F919565BE190FCEFAD9395171B3B44B1",
        "SPDXRef-File--PSReadLine.psd1-1C20B9C9C61A79D65F05EE0820B0FCB1A0B77ACC",
        "SPDXRef-File--net462-Microsoft.PowerShell.PSReadLine.Polyfiller.dll-0488841189168E23ED3E7161BFD37273135251E9",
        "SPDXRef-File--License.txt-8BDED9DC168F35DAE2E5249E92EBC40F12463AF3",
        "SPDXRef-File--PSReadLine.format.ps1xml-6F14840ED7F2D0BC1317A0E5ECB3BD12F0F2C44F"
      ]
    }
  ],
  "externalDocumentRefs": [],
  "relationships": [
    {
      "relationshipType": "DEPENDS_ON",
      "relatedSpdxElement": "SPDXRef-Package-721A2EC3CF1FB1656B25C72638BE48FF5FD37FCE4AC43DD2A62A8E8BA325B6A4",
      "spdxElementId": "SPDXRef-RootPackage"
    },
    {
      "relationshipType": "DEPENDS_ON",
      "relatedSpdxElement": "SPDXRef-Package-597E4EB7D4DE70AB986BF564D4F5016660994E8061B1567D8F46CA0D9F3DFDAB",
      "spdxElementId": "SPDXRef-RootPackage"
    },
    {
      "relationshipType": "DEPENDS_ON",
      "relatedSpdxElement": "SPDXRef-Package-234C05D14DD47F1D0D37F8331983BC56C9DC44BD754896FD4E942AEBA22C9623",
      "spdxElementId": "SPDXRef-RootPackage"
    },
    {
      "relationshipType": "DEPENDS_ON",
      "relatedSpdxElement": "SPDXRef-Package-BD5D3E09B5B6D3451EDDD1D32105D059705408E4BF509FF6EA91ABE0158BBCFC",
      "spdxElementId": "SPDXRef-RootPackage"
    },
    {
      "relationshipType": "DEPENDS_ON",
      "relatedSpdxElement": "SPDXRef-Package-ED6B5A1F0C7B6A5996E99BB697BB0464C3E7CBC0E222F3CC6B232F41DC5796D9",
      "spdxElementId": "SPDXRef-RootPackage"
    },
    {
      "relationshipType": "DEPENDS_ON",
      "relatedSpdxElement": "SPDXRef-Package-7496EB7D8D86F5A343AE001BBA0FE25F68A5BF28057A8304B4CABB53E5842D4B",
      "spdxElementId": "SPDXRef-RootPackage"
    },
    {
      "relationshipType": "DEPENDS_ON",
      "relatedSpdxElement": "SPDXRef-Package-1A83F2C274228BF398D0809B623C7FAD409FE3E0592FF1A6154752C6A4C12679",
      "spdxElementId": "SPDXRef-RootPackage"
    },
    {
      "relationshipType": "DEPENDS_ON",
      "relatedSpdxElement": "SPDXRef-Package-F2A60D2812DC47332895EA55A3C0A46EBCDFB1ACB8CEA51CBFD269C5C7FCC3C8",
      "spdxElementId": "SPDXRef-RootPackage"
    },
    {
      "relationshipType": "DEPENDS_ON",
      "relatedSpdxElement": "SPDXRef-Package-731726FF31D732CB840F565565BE564403F6DC2B192C2B84BF963BD50CB69C76",
      "spdxElementId": "SPDXRef-RootPackage"
    },
    {
      "relationshipType": "DEPENDS_ON",
      "relatedSpdxElement": "SPDXRef-Package-8C2272E9A8C5CD64644B0DED8F50E74915AF424C4590D31B7FBC202C963E578F",
      "spdxElementId": "SPDXRef-RootPackage"
    },
    {
      "relationshipType": "DEPENDS_ON",
      "relatedSpdxElement": "SPDXRef-Package-28B06C6DFCF8BFCC74644E74CA082289A54DB7BED8B3CDB8A1909686D32C9526",
      "spdxElementId": "SPDXRef-RootPackage"
    },
    {
      "relationshipType": "DESCRIBES",
      "relatedSpdxElement": "SPDXRef-RootPackage",
      "spdxElementId": "SPDXRef-DOCUMENT"
    },
    {
      "relationshipType": "DEPENDS_ON",
      "relatedSpdxElement": "SPDXRef-Package-A4059A520108C80C86214C5BC55E08B0B12F7328E5E3D7027AA4FCA5224937A9",
      "spdxElementId": "SPDXRef-RootPackage"
    },
    {
      "relationshipType": "DEPENDS_ON",
      "relatedSpdxElement": "SPDXRef-Package-E25C79749FED4D411883A143E4811CFEC23DA805C17090B76363D0A464A568F5",
      "spdxElementId": "SPDXRef-RootPackage"
    },
    {
      "relationshipType": "DEPENDS_ON",
      "relatedSpdxElement": "SPDXRef-Package-34A8AFC6A122E36672B29A350987056CC325CD46F9AFB6E06039D9CFB846866D",
      "spdxElementId": "SPDXRef-RootPackage"
    },
    {
      "relationshipType": "DEPENDS_ON",
      "relatedSpdxElement": "SPDXRef-Package-528AD452683D34DE8F5D57CB988359D7FF23F27BC88404C20BE4F745D04B6266",
      "spdxElementId": "SPDXRef-RootPackage"
    },
    {
      "relationshipType": "DEPENDS_ON",
      "relatedSpdxElement": "SPDXRef-Package-45921A3A383B7C5E548DC4DF7F96CA6574E921758ACD54D920C076BA9074D4A8",
      "spdxElementId": "SPDXRef-RootPackage"
    },
    {
      "relationshipType": "DEPENDS_ON",
      "relatedSpdxElement": "SPDXRef-Package-EE5D4072E9519D2BA5D871EC2B640BD506D199E51F6CB4D07A38AB8F87DAFABA",
      "spdxElementId": "SPDXRef-RootPackage"
    },
    {
      "relationshipType": "DEPENDS_ON",
      "relatedSpdxElement": "SPDXRef-Package-6F5ABA2F60FB90661506CC54FDBF9E05522B0358CA56CDFBFF998AB5A5BCD428",
      "spdxElementId": "SPDXRef-RootPackage"
    },
    {
      "relationshipType": "DEPENDS_ON",
      "relatedSpdxElement": "SPDXRef-Package-342BA5C11805FDDCAF3A2BF48BFDCAB5C0240793089F89196209A39C580902E6",
      "spdxElementId": "SPDXRef-RootPackage"
    },
    {
      "relationshipType": "DEPENDS_ON",
      "relatedSpdxElement": "SPDXRef-Package-B58252990A594C77C4C11A1C1DDEB688068BC3C81B5FB5DEDD643E6741E44E16",
      "spdxElementId": "SPDXRef-RootPackage"
    },
    {
      "relationshipType": "DEPENDS_ON",
      "relatedSpdxElement": "SPDXRef-Package-188813AAF7DA1DA97C3592086B172E8ABECCCE787F3C4635D8D5EE218341FBE9",
      "spdxElementId": "SPDXRef-RootPackage"
    },
    {
      "relationshipType": "DEPENDS_ON",
      "relatedSpdxElement": "SPDXRef-Package-F111BCF3D2E488837682822007B7C4A05F5095769BA5E4F7ACC5F8088C5E9371",
      "spdxElementId": "SPDXRef-RootPackage"
    },
    {
      "relationshipType": "DEPENDS_ON",
      "relatedSpdxElement": "SPDXRef-Package-0FC64470DCD1B59E43D4C21E4F0964FFA9F38E4DB75BDB403F3B89B9C38A6F89",
      "spdxElementId": "SPDXRef-RootPackage"
    },
    {
      "relationshipType": "DEPENDS_ON",
      "relatedSpdxElement": "SPDXRef-Package-BB45875C7CC804E77CEFD3B186F3192BA64B39E3FA8F440E017AC2BBB6BF5F7F",
      "spdxElementId": "SPDXRef-RootPackage"
    },
    {
      "relationshipType": "DEPENDS_ON",
      "relatedSpdxElement": "SPDXRef-Package-C0475C00E6E28E144A924EBE3D4277ACEADC5AC76A243A3807A5440088D23A2A",
      "spdxElementId": "SPDXRef-RootPackage"
    },
    {
      "relationshipType": "DEPENDS_ON",
      "relatedSpdxElement": "SPDXRef-Package-337484C52BFC936B5BE2580EEC0A6511354EC5602F0F2354CA4BA956C0479F4A",
      "spdxElementId": "SPDXRef-RootPackage"
    },
    {
      "relationshipType": "DEPENDS_ON",
      "relatedSpdxElement": "SPDXRef-Package-7C6B66E6438993913FDC04BC572AE4DF6572087685ABA8385E82B97D04D637D9",
      "spdxElementId": "SPDXRef-RootPackage"
    },
    {
      "relationshipType": "DEPENDS_ON",
      "relatedSpdxElement": "SPDXRef-Package-8EBEDFDEF5B288ABB0D6C1CBA003425432D8E412DB411CDDBF1E73FAF7A56870",
      "spdxElementId": "SPDXRef-RootPackage"
    },
    {
      "relationshipType": "DEPENDS_ON",
      "relatedSpdxElement": "SPDXRef-Package-A8244579678FBF19D512ACF07EB1955A640FABD460D5D530861E40BDF1816049",
      "spdxElementId": "SPDXRef-RootPackage"
    },
    {
      "relationshipType": "DEPENDS_ON",
      "relatedSpdxElement": "SPDXRef-Package-02E858A8C006952F7C6DC1F1D562DEE5F1D39767F016B8E05AAC8275919A146B",
      "spdxElementId": "SPDXRef-RootPackage"
    },
    {
      "relationshipType": "DEPENDS_ON",
      "relatedSpdxElement": "SPDXRef-Package-5DF867C997D4A4C4BFE339D88E56766AFD50F67198C241BF2DC654D600B90051",
      "spdxElementId": "SPDXRef-RootPackage"
    },
    {
      "relationshipType": "DEPENDS_ON",
      "relatedSpdxElement": "SPDXRef-Package-44186241F8D50C7B3C15C06AC4C557EFF2E50EB59FAA1DF6D1498B136DE087F0",
      "spdxElementId": "SPDXRef-RootPackage"
    },
    {
      "relationshipType": "DEPENDS_ON",
      "relatedSpdxElement": "SPDXRef-Package-154937B3B04A5F385BC2E4F8CCDA261A8E8B3818EBDD9FCDC74DCDFD8F90E74F",
      "spdxElementId": "SPDXRef-RootPackage"
    },
    {
      "relationshipType": "DEPENDS_ON",
      "relatedSpdxElement": "SPDXRef-Package-06C5C29FB22AFE4D3043611ED5E201081E03B9A3941B9411C3A8CD0A28BE80CC",
      "spdxElementId": "SPDXRef-RootPackage"
    },
    {
      "relationshipType": "DEPENDS_ON",
      "relatedSpdxElement": "SPDXRef-Package-29226D2DDF69C0634D1475A99C6B6064278A14AFF039824E2AF684638B05B03E",
      "spdxElementId": "SPDXRef-RootPackage"
    },
    {
      "relationshipType": "DEPENDS_ON",
      "relatedSpdxElement": "SPDXRef-Package-474A3C91FB180373D898F4E19C0B4234DB10E4DA28698C5588FBCC316F45B078",
      "spdxElementId": "SPDXRef-RootPackage"
    },
    {
      "relationshipType": "DEPENDS_ON",
      "relatedSpdxElement": "SPDXRef-Package-895DEB7AD35BF72365E0715BFE1B713489D627A823BE2F8618E355E48A2C7042",
      "spdxElementId": "SPDXRef-RootPackage"
    },
    {
      "relationshipType": "DEPENDS_ON",
      "relatedSpdxElement": "SPDXRef-Package-ACDE318753E8F05102132DA3D3C3487B82F1D90907D631CE069769C44A30AEF9",
      "spdxElementId": "SPDXRef-RootPackage"
    },
    {
      "relationshipType": "DEPENDS_ON",
      "relatedSpdxElement": "SPDXRef-Package-F797FE613AEAD3C391D168AA41F891ED5D5C1AB5EA48FD2CAC5E6F11A42A95CA",
      "spdxElementId": "SPDXRef-RootPackage"
    },
    {
      "relationshipType": "DEPENDS_ON",
      "relatedSpdxElement": "SPDXRef-Package-24BCDA27604A07DAE27581E115B0134045E7FB49A858FCD79AD446D8BCD53BEC",
      "spdxElementId": "SPDXRef-RootPackage"
    },
    {
      "relationshipType": "DEPENDS_ON",
      "relatedSpdxElement": "SPDXRef-Package-227AC0A7F6D05964D191DE0476A012FF77EA35F469BC66C433D3EF14B405A393",
      "spdxElementId": "SPDXRef-RootPackage"
    },
    {
      "relationshipType": "DEPENDS_ON",
      "relatedSpdxElement": "SPDXRef-Package-8D7907CD1B5E791B5A4F28823597562C24A8F002EEDFC6E6734EAEC6921BA8F2",
      "spdxElementId": "SPDXRef-RootPackage"
    },
    {
      "relationshipType": "DEPENDS_ON",
      "relatedSpdxElement": "SPDXRef-Package-7821351B6C2938A3BE755F6CBD987B50CE598A4FDE18695FE67508D1277B19CF",
      "spdxElementId": "SPDXRef-RootPackage"
    },
    {
      "relationshipType": "DEPENDS_ON",
      "relatedSpdxElement": "SPDXRef-Package-DD2D54841D52B7B8590EEE8DAC92B5F591313AEF7407B0F8B1EB1B5752850B10",
      "spdxElementId": "SPDXRef-RootPackage"
    },
    {
      "relationshipType": "DEPENDS_ON",
      "relatedSpdxElement": "SPDXRef-Package-D23669E0ED839B432C5B11C57B8F8320CDC471AB6A10FB1E490ED3EED1BC8388",
      "spdxElementId": "SPDXRef-RootPackage"
    },
    {
      "relationshipType": "DEPENDS_ON",
      "relatedSpdxElement": "SPDXRef-Package-BF0151C4E60E8941B01FF20D0D04660D8595603E1B2DC0D2E9875B7B2C406227",
      "spdxElementId": "SPDXRef-RootPackage"
    },
    {
      "relationshipType": "DEPENDS_ON",
      "relatedSpdxElement": "SPDXRef-Package-EDFDDCC95208D29BB26B2E326655CFDD69C464F21D24C0C30C2787C5FADC4DFB",
      "spdxElementId": "SPDXRef-RootPackage"
    },
    {
      "relationshipType": "DEPENDS_ON",
      "relatedSpdxElement": "SPDXRef-Package-85897238C8D0F38E744ED4C88A33739EB2606080F60124A32D442161FFD19D59",
      "spdxElementId": "SPDXRef-RootPackage"
    },
    {
      "relationshipType": "DEPENDS_ON",
      "relatedSpdxElement": "SPDXRef-Package-1B140F7FA3F784DD56CC7A8B4145E9AD58D8CDD4C249A0F27F2262E47C9B41AF",
      "spdxElementId": "SPDXRef-RootPackage"
    },
    {
      "relationshipType": "DEPENDS_ON",
      "relatedSpdxElement": "SPDXRef-Package-373676B81ED0089212B9B0D477391E9052E1A88CB4030C46A1C602FDB4D01B8A",
      "spdxElementId": "SPDXRef-RootPackage"
    },
    {
      "relationshipType": "DEPENDS_ON",
      "relatedSpdxElement": "SPDXRef-Package-E683A325E1847FBD6074F9CF6EB0A6DAEC5DD81452232F5CE9A5E2F53A9EAE5F",
      "spdxElementId": "SPDXRef-RootPackage"
    },
    {
      "relationshipType": "DEPENDS_ON",
      "relatedSpdxElement": "SPDXRef-Package-3A8D0A3AC259BD48A960E3FAA3346C7E36FD52BCEBD604FF95D98EA852A52752",
      "spdxElementId": "SPDXRef-RootPackage"
    },
    {
      "relationshipType": "DEPENDS_ON",
      "relatedSpdxElement": "SPDXRef-Package-D6D5B8242F983BD5148EE9820023BC5C0E96562881FF388B12753B42CC62B2D1",
      "spdxElementId": "SPDXRef-RootPackage"
    },
    {
      "relationshipType": "DEPENDS_ON",
      "relatedSpdxElement": "SPDXRef-Package-B512828296F96786715767A9D629FA4E02BEACAC0CC0BE4A7A1CFF55AF155FB6",
      "spdxElementId": "SPDXRef-RootPackage"
    },
    {
      "relationshipType": "DEPENDS_ON",
      "relatedSpdxElement": "SPDXRef-Package-69F8AA6EA404C72A63226CE348A5742E5CD860C7F8DDBCECD6422FB1F062E396",
      "spdxElementId": "SPDXRef-RootPackage"
    },
    {
      "relationshipType": "DEPENDS_ON",
      "relatedSpdxElement": "SPDXRef-Package-6DCCEDA2DAD73EE222918430543E67924B64B2B7C160A5F53187C363E9227B05",
      "spdxElementId": "SPDXRef-RootPackage"
    },
    {
      "relationshipType": "DEPENDS_ON",
      "relatedSpdxElement": "SPDXRef-Package-D60BE9A079A339572CC368D77C4FE3CD4860E5B2846B9831B99485A3ABD77F4B",
      "spdxElementId": "SPDXRef-RootPackage"
    },
    {
      "relationshipType": "DEPENDS_ON",
      "relatedSpdxElement": "SPDXRef-Package-B4818DF507BF454F483D412A8DA720FE15316B607BA2F5300A9D59397AB2CAFE",
      "spdxElementId": "SPDXRef-RootPackage"
    },
    {
      "relationshipType": "DEPENDS_ON",
      "relatedSpdxElement": "SPDXRef-Package-95CAC702E88993E8FEC7F6E7EC2489D3FC68CC1BE88BD081BC24A6E244A60E68",
      "spdxElementId": "SPDXRef-RootPackage"
    },
    {
      "relationshipType": "DEPENDS_ON",
      "relatedSpdxElement": "SPDXRef-Package-F0B677BAC7F0000ADC2A7E3E1296E76BFEFD67380DF587F82ABF15D0A05CA6F0",
      "spdxElementId": "SPDXRef-RootPackage"
    },
    {
      "relationshipType": "DEPENDS_ON",
      "relatedSpdxElement": "SPDXRef-Package-79D23D36E35382A94AE37114DC01A4E20E19FC25E0D5C079BE6A506D4EF964E0",
      "spdxElementId": "SPDXRef-RootPackage"
    },
    {
      "relationshipType": "DEPENDS_ON",
      "relatedSpdxElement": "SPDXRef-Package-FF2C6BCB668E41C37098831E12444D5C6144349874E485B16B3A8DAA870D32A4",
      "spdxElementId": "SPDXRef-RootPackage"
    },
    {
      "relationshipType": "DEPENDS_ON",
      "relatedSpdxElement": "SPDXRef-Package-3D762E0F169506279F40A11F69CB7F7E9DA3F36F47D6E7C2E17C3161DADB7FE8",
      "spdxElementId": "SPDXRef-RootPackage"
    },
    {
      "relationshipType": "DEPENDS_ON",
      "relatedSpdxElement": "SPDXRef-Package-C5CC142F30EB8BE9CF471BAD8EEBDC2AEE7D7846826275D62DE11B3E1196666D",
      "spdxElementId": "SPDXRef-RootPackage"
    },
    {
      "relationshipType": "DEPENDS_ON",
      "relatedSpdxElement": "SPDXRef-Package-78D2FAE4E0745BB0F188068D3B8FA20D60CF690006FCD90C443FC07DA57671BC",
      "spdxElementId": "SPDXRef-RootPackage"
    },
    {
      "relationshipType": "DEPENDS_ON",
      "relatedSpdxElement": "SPDXRef-Package-4B78FCF9F4014D2D2A3928CC959C5D37552772323CCDDCDEE3CD99EFBD60E53D",
      "spdxElementId": "SPDXRef-RootPackage"
    },
    {
      "relationshipType": "DEPENDS_ON",
      "relatedSpdxElement": "SPDXRef-Package-D06321A2E529DAFB9EB12DDC595DA61DA224784753019DB501CAD46CEEBEC3A3",
      "spdxElementId": "SPDXRef-RootPackage"
    },
    {
      "relationshipType": "DEPENDS_ON",
      "relatedSpdxElement": "SPDXRef-Package-F0669F0F40151AF0350EF10EB16A84C4D43FEE83059D4DAC48A9E4C1DA5363F8",
      "spdxElementId": "SPDXRef-RootPackage"
    },
    {
      "relationshipType": "DEPENDS_ON",
      "relatedSpdxElement": "SPDXRef-Package-F037A1B0730172FE984549B0ACED7DD8CD75D1AE7B2A0D39DB673DAE29052538",
      "spdxElementId": "SPDXRef-RootPackage"
    },
    {
      "relationshipType": "DEPENDS_ON",
      "relatedSpdxElement": "SPDXRef-Package-E8DAD3C1E26889E6AC19C9E59D2CDB82DE1846DB67B7F0ABBF375AD516DB9206",
      "spdxElementId": "SPDXRef-RootPackage"
    },
    {
      "relationshipType": "DEPENDS_ON",
      "relatedSpdxElement": "SPDXRef-Package-2EAE8049BD5F2664AA94AC510014B8540C7FC1B5C5841B4BF0354ECACB6380D7",
      "spdxElementId": "SPDXRef-RootPackage"
    },
    {
      "relationshipType": "DEPENDS_ON",
      "relatedSpdxElement": "SPDXRef-Package-89A8189D4F4D671D008FFC0F1206766B6224E25DBAFF38B5CA4D83827DF8718B",
      "spdxElementId": "SPDXRef-RootPackage"
    },
    {
      "relationshipType": "DEPENDS_ON",
      "relatedSpdxElement": "SPDXRef-Package-46C766C74EA111ABF3DE103B538274FB1746B8F54710199959C37FA850D439D1",
      "spdxElementId": "SPDXRef-RootPackage"
    },
    {
      "relationshipType": "DEPENDS_ON",
      "relatedSpdxElement": "SPDXRef-Package-FEC58C7F29FDF22E4C719712092A41A9787737DFCCA8BB1E9B81469A6EC29078",
      "spdxElementId": "SPDXRef-RootPackage"
    },
    {
      "relationshipType": "DEPENDS_ON",
      "relatedSpdxElement": "SPDXRef-Package-1B8EF952A2D74AED642A1591E682B477F908420FE4162B6878C833F01269E38B",
      "spdxElementId": "SPDXRef-RootPackage"
    },
    {
      "relationshipType": "DEPENDS_ON",
      "relatedSpdxElement": "SPDXRef-Package-0FCE4F1177B45DA0914A88C0B1ABD1C037237D7E359250E9A40A3AA9FCC0767E",
      "spdxElementId": "SPDXRef-RootPackage"
    },
    {
      "relationshipType": "DEPENDS_ON",
      "relatedSpdxElement": "SPDXRef-Package-EDFAB6FFAE53CF521DB41E3239C219EC1BAC8F6DA87DEC75BB9BD054C76933F3",
      "spdxElementId": "SPDXRef-RootPackage"
    },
    {
      "relationshipType": "DEPENDS_ON",
      "relatedSpdxElement": "SPDXRef-Package-E32BC8A384704413B84EF52AB9BF3FCB04AEFF0F8B58D75D0ECD8761B8FC2F89",
      "spdxElementId": "SPDXRef-RootPackage"
    },
    {
      "relationshipType": "DEPENDS_ON",
      "relatedSpdxElement": "SPDXRef-Package-D1B096B30BCD86DE321F316258E549B0D54C78F894D238FAE76D2E692119B5CA",
      "spdxElementId": "SPDXRef-RootPackage"
    },
    {
      "relationshipType": "DEPENDS_ON",
      "relatedSpdxElement": "SPDXRef-Package-AAE7696AE113F9C59FA575AF5C3639452D24710B4172DF9217B89DF9FFA62367",
      "spdxElementId": "SPDXRef-RootPackage"
    },
    {
      "relationshipType": "DEPENDS_ON",
      "relatedSpdxElement": "SPDXRef-Package-FEC676D513730C2A73971684FC6079995E523F20D7153D4600B466A6720B3A30",
      "spdxElementId": "SPDXRef-RootPackage"
    },
    {
      "relationshipType": "DEPENDS_ON",
      "relatedSpdxElement": "SPDXRef-Package-5427CCCD417CDB4D83F420DE0D1F12C6F6C318DF5E3D504204317EE85D0DEEBE",
      "spdxElementId": "SPDXRef-RootPackage"
    },
    {
      "relationshipType": "DEPENDS_ON",
      "relatedSpdxElement": "SPDXRef-Package-D6F42666292EDBECCB8C18D71CB280412164D24D6DDA3F3B6E2B3F1C59FB1334",
      "spdxElementId": "SPDXRef-RootPackage"
    },
    {
      "relationshipType": "DEPENDS_ON",
      "relatedSpdxElement": "SPDXRef-Package-1A14F5D545D1F368E68AA57857288A722F661A5A787DA7208672C45C855D6511",
      "spdxElementId": "SPDXRef-RootPackage"
    },
    {
      "relationshipType": "DEPENDS_ON",
      "relatedSpdxElement": "SPDXRef-Package-10D3B10D0FD58A74A180A3366FC86630B5AA4285C509B5118686741B230669A8",
      "spdxElementId": "SPDXRef-RootPackage"
    },
    {
      "relationshipType": "DEPENDS_ON",
      "relatedSpdxElement": "SPDXRef-Package-75EE8BDA02BC1F1E5EF4637221B6F573EEB2C97297F181523667F440A43567C9",
      "spdxElementId": "SPDXRef-RootPackage"
    },
    {
      "relationshipType": "DEPENDS_ON",
      "relatedSpdxElement": "SPDXRef-Package-AC07F1EF24A7A4C8FDC4F792CC2A1DD9C6B82F0968E587304EB02252F0D02FEB",
      "spdxElementId": "SPDXRef-RootPackage"
    },
    {
      "relationshipType": "DEPENDS_ON",
      "relatedSpdxElement": "SPDXRef-Package-71C67A426A3248366829D1514C47B445581A44437935E9DCF4E6A2C5E7D5473C",
      "spdxElementId": "SPDXRef-RootPackage"
    },
    {
      "relationshipType": "DEPENDS_ON",
      "relatedSpdxElement": "SPDXRef-Package-60BDFB436058E47B0683DB0152A48E9A2D6B04F77DA69147B86A5F51EEF7705A",
      "spdxElementId": "SPDXRef-RootPackage"
    },
    {
      "relationshipType": "DEPENDS_ON",
      "relatedSpdxElement": "SPDXRef-Package-7E4656F69E0ED86644E601C8E3EB5DEBD74A50193315A51763ADADE3D34C280C",
      "spdxElementId": "SPDXRef-RootPackage"
    },
    {
      "relationshipType": "DEPENDS_ON",
      "relatedSpdxElement": "SPDXRef-Package-FC368E97C67C8E3E6798F62D075DC1B5AC857F87348A6603B7663CD7515B5464",
      "spdxElementId": "SPDXRef-RootPackage"
    },
    {
      "relationshipType": "DEPENDS_ON",
      "relatedSpdxElement": "SPDXRef-Package-A537FE036BB5B047BC9DA9071A64766C48A2E20B604C721F3E499360BD720267",
      "spdxElementId": "SPDXRef-RootPackage"
    },
    {
      "relationshipType": "DEPENDS_ON",
      "relatedSpdxElement": "SPDXRef-Package-753C3608F28A46B7D362B2E4DF7FE53B5876688C477AF3EB98E96B06DA64D6DE",
      "spdxElementId": "SPDXRef-RootPackage"
    },
    {
      "relationshipType": "DEPENDS_ON",
      "relatedSpdxElement": "SPDXRef-Package-D52CD001D2995D41CC49B2E3262AD34924C8334D45D9088C45303F4C56C6A037",
      "spdxElementId": "SPDXRef-RootPackage"
    },
    {
      "relationshipType": "DEPENDS_ON",
      "relatedSpdxElement": "SPDXRef-Package-E58AC156268ABFA656C7A9B6538E3C47D1429964A49012CA1E701E7D2C8D18D0",
      "spdxElementId": "SPDXRef-RootPackage"
    },
    {
      "relationshipType": "DEPENDS_ON",
      "relatedSpdxElement": "SPDXRef-Package-E47FF32148B5F356314319A0E41F0212FD21D27B1C3E258FDE9868C07FC3BEB6",
      "spdxElementId": "SPDXRef-RootPackage"
    }
  ],
  "spdxVersion": "SPDX-2.2",
  "dataLicense": "CC0-1.0",
  "SPDXID": "SPDXRef-DOCUMENT",
  "name": "Unknown 0.0.0",
  "documentNamespace": "https://sbom.microsoft/1:2QSF7qZlbE-F7QrUJlEo7g:SgS0HpGYsEq3MaStNjjGXA/932:274573/Unknown:0.0.0:pV9bezSF8UmSmK7TkjUYHA",
  "creationInfo": {
    "created": "2022-06-24T22:13:28Z",
    "creators": [
      "Organization: Microsoft",
      "Tool: Microsoft.SBOMTool-2.1.38"
    ]
  },
  "documentDescribes": [
    "SPDXRef-RootPackage"
  ]
}