<Objs Version="1.1.0.1" xmlns="http://schemas.microsoft.com/powershell/2004/04">
  <Obj RefId="0">
    <TN RefId="0">
      <T>Microsoft.PowerShell.Commands.PSRepositoryItemInfo</T>
      <T>System.Management.Automation.PSCustomObject</T>
      <T>System.Object</T>
    </TN>
    <MS>
      <S N="Name">z</S>
      <Version N="Version">1.1.13</Version>
      <S N="Type">Module</S>
      <S N="Description">z lets you quickly navigate the file system in PowerShell based on your cd command history. It's a port of the z bash shell script</S>
      <S N="Author">Vince Panuccio</S>
      <S N="CompanyName">vincpa</S>
      <Nil N="Copyright" />
      <DT N="PublishedDate">2020-05-23T01:22:00+02:00</DT>
      <Obj N="InstalledDate" RefId="1">
        <DT>2022-08-01T10:27:46.2364854+02:00</DT>
        <MS>
          <Obj N="DisplayHint" RefId="2">
            <TN RefId="1">
              <T>Microsoft.PowerShell.Commands.DisplayHintType</T>
              <T>System.Enum</T>
              <T>System.ValueType</T>
              <T>System.Object</T>
            </TN>
            <ToString>DateTime</ToString>
            <I32>2</I32>
          </Obj>
        </MS>
      </Obj>
      <Nil N="UpdatedDate" />
      <Nil N="LicenseUri" />
      <URI N="ProjectUri">https://github.com/vincpa/z</URI>
      <Nil N="IconUri" />
      <Obj N="Tags" RefId="3">
        <TN RefId="2">
          <T>System.Object[]</T>
          <T>System.Array</T>
          <T>System.Object</T>
        </TN>
        <LST>
          <S>z</S>
          <S>directory</S>
          <S>popd</S>
          <S>pushd</S>
          <S>jump</S>
          <S>PSModule</S>
        </LST>
      </Obj>
      <Obj N="Includes" RefId="4">
        <TN RefId="3">
          <T>System.Collections.Hashtable</T>
          <T>System.Object</T>
        </TN>
        <DCT>
          <En>
            <S N="Key">Command</S>
            <Obj N="Value" RefId="5">
              <TNRef RefId="2" />
              <LST>
                <S>z</S>
                <S>cdX</S>
                <S>popdX</S>
                <S>pushdX</S>
              </LST>
            </Obj>
          </En>
          <En>
            <S N="Key">Workflow</S>
            <Obj N="Value" RefId="6">
              <TNRef RefId="2" />
              <LST />
            </Obj>
          </En>
          <En>
            <S N="Key">DscResource</S>
            <Ref N="Value" RefId="6" />
          </En>
          <En>
            <S N="Key">Function</S>
            <Obj N="Value" RefId="7">
              <TNRef RefId="2" />
              <LST>
                <S>z</S>
                <S>cdX</S>
                <S>popdX</S>
                <S>pushdX</S>
              </LST>
            </Obj>
          </En>
          <En>
            <S N="Key">Cmdlet</S>
            <Ref N="Value" RefId="6" />
          </En>
          <En>
            <S N="Key">RoleCapability</S>
            <Ref N="Value" RefId="6" />
          </En>
        </DCT>
      </Obj>
      <Nil N="PowerShellGetFormatVersion" />
      <S N="ReleaseNotes">Allow z to work with hidden .cdHistory file.</S>
      <Obj N="Dependencies" RefId="8">
        <TNRef RefId="2" />
        <LST />
      </Obj>
      <S N="RepositorySourceLocation">https://www.powershellgallery.com/api/v2</S>
      <S N="Repository">PSGallery</S>
      <S N="PackageManagementProvider">NuGet</S>
      <Obj N="AdditionalMetadata" RefId="9">
        <TN RefId="4">
          <T>System.Management.Automation.PSCustomObject</T>
          <T>System.Object</T>
        </TN>
        <MS>
          <S N="description">z lets you quickly navigate the file system in PowerShell based on your cd command history. It's a port of the z bash shell script</S>
          <S N="requireLicenseAcceptance">False</S>
          <S N="releaseNotes">Allow z to work with hidden .cdHistory file.</S>
          <S N="isLatestVersion">True</S>
          <S N="isAbsoluteLatestVersion">True</S>
          <S N="versionDownloadCount">27497</S>
          <S N="downloadCount">36165</S>
          <S N="packageSize">291183</S>
          <S N="published">5/23/2020 1:22:00 AM +02:00</S>
          <S N="created">5/23/2020 1:22:00 AM +02:00</S>
          <S N="lastUpdated">8/1/2022 7:45:45 AM +02:00</S>
          <S N="tags">z directory popd pushd jump PSModule PSFunction_z PSCommand_z PSFunction_cdX PSCommand_cdX PSFunction_popdX PSCommand_popdX PSFunction_pushdX PSCommand_pushdX PSIncludes_Function</S>
          <S N="developmentDependency">False</S>
          <S N="updated">2022-08-01T07:45:45Z</S>
          <S N="NormalizedVersion">1.1.13</S>
          <S N="Authors">Vince Panuccio</S>
          <S N="IsPrerelease">false</S>
          <S N="ItemType">Module</S>
          <S N="FileList">z.nuspec|example_usage.gif|Makefile|README|README.md|z.1|z.psd1|z.psm1|z.sh</S>
          <S N="GUID">bc198554-ae1f-4ab6-84ce-5d3a41b74553</S>
          <S N="PowerShellVersion">3.0</S>
        </MS>
      </Obj>
      <S N="InstalledLocation">C:\Users\Raks\Documents\PowerShell\Modules\z\1.1.13</S>
    </MS>
  </Obj>
</Objs>
