<Objs Version="1.1.0.1" xmlns="http://schemas.microsoft.com/powershell/2004/04">
  <Obj RefId="0">
    <TN RefId="0">
      <T>Microsoft.PowerShell.Commands.PSRepositoryItemInfo</T>
      <T>System.Management.Automation.PSCustomObject</T>
      <T>System.Object</T>
    </TN>
    <MS>
      <S N="Name">7Zip4Powershell</S>
      <Version N="Version">2.2.0</Version>
      <S N="Type">Module</S>
      <S N="Description">Powershell module for creating and extracting 7-Zip archives</S>
      <S N="Author">Thomas Freudenberg</S>
      <S N="CompanyName">thoemmi</S>
      <S N="Copyright">2013-2021 Thomas Freudenberg</S>
      <DT N="PublishedDate">2022-07-07T19:24:37+02:00</DT>
      <Obj N="InstalledDate" RefId="1">
        <DT>2022-11-26T00:37:10.8317904+01:00</DT>
        <MS>
          <Obj N="DisplayHint" RefId="2">
            <TN RefId="1">
              <T>Microsoft.PowerShell.Commands.DisplayHintType</T>
              <T>System.Enum</T>
              <T>System.ValueType</T>
              <T>System.Object</T>
            </TN>
            <ToString>DateTime</ToString>
            <I32>2</I32>
          </Obj>
        </MS>
      </Obj>
      <Nil N="UpdatedDate" />
      <URI N="LicenseUri">https://github.com/thoemmi/7Zip4Powershell/blob/master/LICENSE</URI>
      <URI N="ProjectUri">https://github.com/thoemmi/7Zip4Powershell</URI>
      <URI N="IconUri">https://raw.githubusercontent.com/thoemmi/7Zip4Powershell/master/Assets/7zip4powershell.png</URI>
      <Obj N="Tags" RefId="3">
        <TN RefId="2">
          <T>System.Object[]</T>
          <T>System.Array</T>
          <T>System.Object</T>
        </TN>
        <LST>
          <S>powershell</S>
          <S>7zip</S>
          <S>7-zip</S>
          <S>zip</S>
          <S>archive</S>
          <S>extract</S>
          <S>compress</S>
          <S>PSEdition_Core</S>
          <S>PSEdition_Desktop</S>
          <S>Windows</S>
          <S>PSModule</S>
        </LST>
      </Obj>
      <Obj N="Includes" RefId="4">
        <TN RefId="3">
          <T>System.Collections.Hashtable</T>
          <T>System.Object</T>
        </TN>
        <DCT>
          <En>
            <S N="Key">Cmdlet</S>
            <Obj N="Value" RefId="5">
              <TNRef RefId="2" />
              <LST>
                <S>Expand-7Zip</S>
                <S>Compress-7Zip</S>
                <S>Get-7Zip</S>
                <S>Get-7ZipInformation</S>
              </LST>
            </Obj>
          </En>
          <En>
            <S N="Key">Command</S>
            <Obj N="Value" RefId="6">
              <TNRef RefId="2" />
              <LST>
                <S>Expand-7Zip</S>
                <S>Compress-7Zip</S>
                <S>Get-7Zip</S>
                <S>Get-7ZipInformation</S>
              </LST>
            </Obj>
          </En>
          <En>
            <S N="Key">RoleCapability</S>
            <Obj N="Value" RefId="7">
              <TNRef RefId="2" />
              <LST />
            </Obj>
          </En>
          <En>
            <S N="Key">Workflow</S>
            <Ref N="Value" RefId="7" />
          </En>
          <En>
            <S N="Key">DscResource</S>
            <Ref N="Value" RefId="7" />
          </En>
          <En>
            <S N="Key">Function</S>
            <Ref N="Value" RefId="7" />
          </En>
        </DCT>
      </Obj>
      <Nil N="PowerShellGetFormatVersion" />
      <Nil N="ReleaseNotes" />
      <Obj N="Dependencies" RefId="8">
        <TNRef RefId="2" />
        <LST />
      </Obj>
      <S N="RepositorySourceLocation">https://www.powershellgallery.com/api/v2</S>
      <S N="Repository">PSGallery</S>
      <S N="PackageManagementProvider">NuGet</S>
      <Obj N="AdditionalMetadata" RefId="9">
        <TN RefId="4">
          <T>System.Management.Automation.PSCustomObject</T>
          <T>System.Object</T>
        </TN>
        <MS>
          <S N="copyright">2013-2021 Thomas Freudenberg</S>
          <S N="description">Powershell module for creating and extracting 7-Zip archives</S>
          <S N="requireLicenseAcceptance">False</S>
          <S N="isLatestVersion">True</S>
          <S N="isAbsoluteLatestVersion">True</S>
          <S N="versionDownloadCount">649003</S>
          <S N="downloadCount">3628711</S>
          <S N="packageSize">2916726</S>
          <S N="published">7/7/2022 7:24:37 PM +02:00</S>
          <S N="created">7/7/2022 7:24:37 PM +02:00</S>
          <S N="lastUpdated">11/25/2022 11:35:56 PM +01:00</S>
          <S N="tags">powershell 7zip 7-zip zip archive extract compress PSEdition_Core PSEdition_Desktop Windows PSModule PSCmdlet_Expand-7Zip PSCommand_Expand-7Zip PSCmdlet_Compress-7Zip PSCommand_Compress-7Zip PSCmdlet_Get-7Zip PSCommand_Get-7Zip PSCmdlet_Get-7ZipInformation PSCommand_Get-7ZipInformation PSIncludes_Cmdlet</S>
          <S N="developmentDependency">False</S>
          <S N="updated">2022-11-25T23:35:56Z</S>
          <S N="NormalizedVersion">2.2.0</S>
          <S N="Authors">Thomas Freudenberg</S>
          <S N="IsPrerelease">false</S>
          <S N="ItemType">Module</S>
          <S N="FileList">7Zip4Powershell.nuspec|7z.dll|7z64.dll|7Zip4PowerShell.deps.json|7Zip4PowerShell.dll|7Zip4PowerShell.pdb|SevenZipSharp.dll|System.Configuration.ConfigurationManager.dll|System.Numerics.Vectors.dll|7Zip4Powershell.psd1|System.Management.Automation.dll|System.Memory.dll|System.Runtime.CompilerServices.Unsafe.dll|System.Security.Cryptography.ProtectedData.dll|System.Security.AccessControl.dll|System.Security.Permissions.dll|System.Security.Principal.Windows.dll|System.Buffers.dll</S>
          <S N="GUID">bd4390dc-a8ad-4bce-8d69-f53ccf8e4163</S>
          <S N="PowerShellVersion">5.0</S>
          <S N="DotNetFrameworkVersion">4.7.2</S>
          <S N="CompanyName">N/A</S>
        </MS>
      </Obj>
      <S N="InstalledLocation">C:\Users\Raks\Documents\PowerShell\Modules\7Zip4Powershell\2.2.0</S>
    </MS>
  </Obj>
</Objs>
