{"presets":
	[
		{
		 "name": "Hair: Ponytail (3)",
		 "description": "Hair010 Ponytail",
		 "parent": 115,
		 "file_header": {
		  "Update Frequency (frames)": 0.016666000708937645,
		  "Pose Snapping": 1.0,
		  "Dampening": 0.0,
		  "Reaction Speed": 1.0,
		  "Gravity Multiplier": 1.0,
		  "Medium Wind Effect": 2.0,
		  "Low Wind Effect": 1.0,
		  "Strong Wind Effect": 3.0,
		  "Type": "CTC"
		 },
		 "chain_header": {
		  "Type": "CTC_Chain",
		  "Chain Length": 3,
		  "CCL Collision": 0,
		  "Weightiness": 7,
		  "X-Axis Gravity": 0.0,
		  "Y-Axis Gravity": -300.0,
		  "Z-Axis Gravity": 0.0,
		  "Snapping": 0.10000000149011612,
		  "Cone of Motion": 0.30000001192092896,
		  "Tension": 0.014999999664723873,
		  "Wind Multiplier": 0.30000001192092896,
		  "Level of Detail": -1
		 },
		 "nodes": [
		  {
		   "Type": "CTC_*_Frame",
		   "Fixed End": 1,
		   "unknownByteSetTwo000": 0,
		   "unknownByteSetTwo001": 1,
		   "unknownByteSetTwo002": 0,
		   "unknownByteSetTwo003": 1,
		   "unknownByteSetTwo004": 1,
		   "unknown50": 0,
		   "unknownFloatSet000": 1.3962630033493042,
		   "unknownFloatSet001": 1.0,
		   "unknownFloatSet002": 1.0
		  },
		  {
		   "Type": "CTC_*_Frame",
		   "Fixed End": 0,
		   "unknownByteSetTwo000": 0,
		   "unknownByteSetTwo001": 1,
		   "unknownByteSetTwo002": 0,
		   "unknownByteSetTwo003": 1,
		   "unknownByteSetTwo004": 1,
		   "unknown50": 0,
		   "unknownFloatSet000": 1.3962630033493042,
		   "unknownFloatSet001": 1.0,
		   "unknownFloatSet002": 1.0
		  },
		  {
		   "Type": "CTC_*_Frame",
		   "Fixed End": 0,
		   "unknownByteSetTwo000": 0,
		   "unknownByteSetTwo001": 1,
		   "unknownByteSetTwo002": 0,
		   "unknownByteSetTwo003": 1,
		   "unknownByteSetTwo004": 1,
		   "unknown50": 0,
		   "unknownFloatSet000": 0.785398006439209,
		   "unknownFloatSet001": 1.0,
		   "unknownFloatSet002": 1.0
		  }
		 ]
		},
		{
		 "name": "Pendant: Paolumu Balloon (3)",
		 "description": "Floats Upwards and Bounces at Max Height",
		 "parent": 52,
		 "file_header": {
		  "Update Frequency (frames)": 0.016666000708937645,
		  "Pose Snapping": 1.0,
		  "Dampening": 1.0,
		  "Reaction Speed": 1.0,
		  "Gravity Multiplier": 1.0,
		  "Medium Wind Effect": 0.800000011920929,
		  "Low Wind Effect": 0.800000011920929,
		  "Strong Wind Effect": 0.800000011920929,
		  "Type": "CTC"
		 },
		 "chain_header": {
		  "Type": "CTC_Chain",
		  "Chain Length": 3,
		  "CCL Collision": 0,
		  "Weightiness": 39,
		  "X-Axis Gravity": 0.0,
		  "Y-Axis Gravity": 2000.0,
		  "Z-Axis Gravity": 0.0,
		  "Snapping": 0.10000000149011612,
		  "Cone of Motion": 0.800000011920929,
		  "Tension": 0.009999999776482582,
		  "Wind Multiplier": 1.0,
		  "Level of Detail": 10
		 },
		 "nodes": [
		  {
		   "Type": "CTC_*_Frame",
		   "Fixed End": 1,
		   "unknownByteSetTwo000": 0,
		   "unknownByteSetTwo001": 0,
		   "unknownByteSetTwo002": 0,
		   "unknownByteSetTwo003": 1,
		   "unknownByteSetTwo004": 1,
		   "unknown50": 0,
		   "unknownFloatSet000": 3.1415929794311523,
		   "unknownFloatSet001": 1.0,
		   "unknownFloatSet002": 1.0
		  },
		  {
		   "Type": "CTC_*_Frame",
		   "Fixed End": 0,
		   "unknownByteSetTwo000": 0,
		   "unknownByteSetTwo001": 0,
		   "unknownByteSetTwo002": 0,
		   "unknownByteSetTwo003": 1,
		   "unknownByteSetTwo004": 1,
		   "unknown50": 0,
		   "unknownFloatSet000": 2.792526960372925,
		   "unknownFloatSet001": 1.0,
		   "unknownFloatSet002": 1.0
		  },
		  {
		   "Type": "CTC_*_Frame",
		   "Fixed End": 0,
		   "unknownByteSetTwo000": 0,
		   "unknownByteSetTwo001": 0,
		   "unknownByteSetTwo002": 0,
		   "unknownByteSetTwo003": 1,
		   "unknownByteSetTwo004": 1,
		   "unknown50": 0,
		   "unknownFloatSet000": 3.1415929794311523,
		   "unknownFloatSet001": 1.0,
		   "unknownFloatSet002": 1.0
		  }
		 ]
		},
		{
		 "name": "Misc: 1-Axis Rotation (2)",
		 "description": "Settings for 1-Axis Rotation (Requires Frame Setup)",
		 "parent": 0,
		 "file_header": {
		  "Update Frequency (frames)": 0.016666000708937645,
		  "Pose Snapping": 1.0,
		  "Dampening": 0.5,
		  "Reaction Speed": 1.0,
		  "Gravity Multiplier": 1.0,
		  "Medium Wind Effect": 0.800000011920929,
		  "Low Wind Effect": 0.5,
		  "Strong Wind Effect": 1.5,
		  "Type": "CTC"
		 },
		 "chain_header": {
		  "Type": "CTC_Chain",
		  "Chain Length": 2,
		  "CCL Collision": 0,
		  "Weightiness": 39,
		  "X-Axis Gravity": 0.0,
		  "Y-Axis Gravity": -980.0,
		  "Z-Axis Gravity": 0.0,
		  "Snapping": 0.15000000596046448,
		  "Cone of Motion": 0.5,
		  "Tension": 0.07999999821186066,
		  "Wind Multiplier": -1.0,
		  "Level of Detail": -1
		 },
		 "nodes": [
		  {
		   "Type": "CTC_*_Frame",
		   "Fixed End": 1,
		   "unknownByteSetTwo000": 0,
		   "unknownByteSetTwo001": 2,
		   "unknownByteSetTwo002": 0,
		   "unknownByteSetTwo003": 1,
		   "unknownByteSetTwo004": 1,
		   "unknown50": 0,
		   "unknownFloatSet000": 3.122741937637329,
		   "unknownFloatSet001": 1.0,
		   "unknownFloatSet002": 1.0
		  },
		  {
		   "Type": "CTC_*_Frame",
		   "Fixed End": 0,
		   "unknownByteSetTwo000": 0,
		   "unknownByteSetTwo001": 1,
		   "unknownByteSetTwo002": 0,
		   "unknownByteSetTwo003": 1,
		   "unknownByteSetTwo004": 1,
		   "unknown50": 0,
		   "unknownFloatSet000": 0.785398006439209,
		   "unknownFloatSet001": 1.0,
		   "unknownFloatSet002": 1.0
		  }
		 ]
		}
	]
}