<Objs Version="1.1.0.1" xmlns="http://schemas.microsoft.com/powershell/2004/04">
  <Obj RefId="0">
    <TN RefId="0">
      <T>Microsoft.PowerShell.Commands.PSRepositoryItemInfo</T>
      <T>System.Management.Automation.PSCustomObject</T>
      <T>System.Object</T>
    </TN>
    <MS>
      <S N="Name">PSReadLine</S>
      <Version N="Version">2.2.6</Version>
      <S N="Type">Module</S>
      <S N="Description">Great command line editing in the PowerShell console host</S>
      <S N="Author">Microsoft Corporation</S>
      <Obj N="CompanyName" RefId="1">
        <TN RefId="1">
          <T>System.Object[]</T>
          <T>System.Array</T>
          <T>System.Object</T>
        </TN>
        <LST>
          <S>PowerShellTeam</S>
          <S>lzybkr</S>
          <S>dongbow</S>
        </LST>
      </Obj>
      <S N="Copyright">(c) Microsoft Corporation. All rights reserved.</S>
      <DT N="PublishedDate">2022-06-27T16:50:31+02:00</DT>
      <Obj N="InstalledDate" RefId="2">
        <DT>2022-08-01T10:33:14.8955905+02:00</DT>
        <MS>
          <Obj N="DisplayHint" RefId="3">
            <TN RefId="2">
              <T>Microsoft.PowerShell.Commands.DisplayHintType</T>
              <T>System.Enum</T>
              <T>System.ValueType</T>
              <T>System.Object</T>
            </TN>
            <ToString>DateTime</ToString>
            <I32>2</I32>
          </Obj>
        </MS>
      </Obj>
      <Nil N="UpdatedDate" />
      <Nil N="LicenseUri" />
      <Nil N="ProjectUri" />
      <Nil N="IconUri" />
      <Obj N="Tags" RefId="4">
        <TNRef RefId="1" />
        <LST>
          <S>PSModule</S>
        </LST>
      </Obj>
      <Obj N="Includes" RefId="5">
        <TN RefId="3">
          <T>System.Collections.Hashtable</T>
          <T>System.Object</T>
        </TN>
        <DCT>
          <En>
            <S N="Key">Command</S>
            <Obj N="Value" RefId="6">
              <TNRef RefId="1" />
              <LST>
                <S>Get-PSReadLineKeyHandler</S>
                <S>Set-PSReadLineKeyHandler</S>
                <S>Remove-PSReadLineKeyHandler</S>
                <S>Get-PSReadLineOption</S>
                <S>Set-PSReadLineOption</S>
                <S>PSConsoleHostReadLine</S>
              </LST>
            </Obj>
          </En>
          <En>
            <S N="Key">Workflow</S>
            <Obj N="Value" RefId="7">
              <TNRef RefId="1" />
              <LST />
            </Obj>
          </En>
          <En>
            <S N="Key">DscResource</S>
            <Ref N="Value" RefId="7" />
          </En>
          <En>
            <S N="Key">Function</S>
            <Obj N="Value" RefId="8">
              <TNRef RefId="1" />
              <LST>
                <S>PSConsoleHostReadLine</S>
              </LST>
            </Obj>
          </En>
          <En>
            <S N="Key">Cmdlet</S>
            <Obj N="Value" RefId="9">
              <TNRef RefId="1" />
              <LST>
                <S>Get-PSReadLineKeyHandler</S>
                <S>Set-PSReadLineKeyHandler</S>
                <S>Remove-PSReadLineKeyHandler</S>
                <S>Get-PSReadLineOption</S>
                <S>Set-PSReadLineOption</S>
              </LST>
            </Obj>
          </En>
          <En>
            <S N="Key">RoleCapability</S>
            <Ref N="Value" RefId="7" />
          </En>
        </DCT>
      </Obj>
      <Nil N="PowerShellGetFormatVersion" />
      <Nil N="ReleaseNotes" />
      <Obj N="Dependencies" RefId="10">
        <TNRef RefId="1" />
        <LST />
      </Obj>
      <S N="RepositorySourceLocation">https://www.powershellgallery.com/api/v2</S>
      <S N="Repository">PSGallery</S>
      <S N="PackageManagementProvider">NuGet</S>
      <Obj N="AdditionalMetadata" RefId="11">
        <TN RefId="4">
          <T>System.Management.Automation.PSCustomObject</T>
          <T>System.Object</T>
        </TN>
        <MS>
          <S N="copyright">(c) Microsoft Corporation. All rights reserved.</S>
          <S N="description">Great command line editing in the PowerShell console host</S>
          <S N="requireLicenseAcceptance">False</S>
          <S N="isLatestVersion">True</S>
          <S N="isAbsoluteLatestVersion">True</S>
          <S N="versionDownloadCount">43735</S>
          <S N="downloadCount">1086860</S>
          <S N="packageSize">237916</S>
          <S N="published">6/27/2022 4:50:31 PM +02:00</S>
          <S N="created">6/27/2022 4:50:31 PM +02:00</S>
          <S N="lastUpdated">8/1/2022 8:30:46 AM +02:00</S>
          <S N="tags">PSModule PSCmdlet_Get-PSReadLineKeyHandler PSCommand_Get-PSReadLineKeyHandler PSCmdlet_Set-PSReadLineKeyHandler PSCommand_Set-PSReadLineKeyHandler PSCmdlet_Remove-PSReadLineKeyHandler PSCommand_Remove-PSReadLineKeyHandler PSCmdlet_Get-PSReadLineOption PSCommand_Get-PSReadLineOption PSCmdlet_Set-PSReadLineOption PSCommand_Set-PSReadLineOption PSIncludes_Cmdlet PSFunction_PSConsoleHostReadLine PSCommand_PSConsoleHostReadLine PSIncludes_Function</S>
          <S N="developmentDependency">False</S>
          <S N="updated">2022-08-01T08:30:46Z</S>
          <S N="NormalizedVersion">2.2.6</S>
          <S N="Authors">Microsoft Corporation</S>
          <S N="IsPrerelease">false</S>
          <S N="ItemType">Module</S>
          <S N="FileList">PSReadLine.nuspec|Changes.txt|License.txt|Microsoft.PowerShell.Pager.dll|Microsoft.PowerShell.PSReadLine2.dll|PSReadLine.format.ps1xml|PSReadLine.psd1|PSReadLine.psm1|SamplePSReadLineProfile.ps1|System.Runtime.InteropServices.RuntimeInformation.dll|net462\Microsoft.PowerShell.PSReadLine.Polyfiller.dll|net6plus\Microsoft.PowerShell.PSReadLine.Polyfiller.dll|_manifest\spdx_2.2\manifest.spdx.json|_manifest\spdx_2.2\manifest.spdx.json.sha256</S>
          <S N="GUID">5714753b-2afd-4492-a5fd-01d9e2cff8b5</S>
          <S N="PowerShellVersion">5.0</S>
          <S N="DotNetFrameworkVersion">4.6.2</S>
          <S N="CLRVersion">4.0.0</S>
          <S N="CompanyName">Microsoft Corporation</S>
        </MS>
      </Obj>
      <S N="InstalledLocation">C:\Users\Raks\Documents\PowerShell\Modules\PSReadLine\2.2.6</S>
    </MS>
  </Obj>
</Objs>
